t,level,bass,mid,treble,flux,argmax
0.04644,0.00283,0.0000,0.1346,0.0000,0.04628,19
0.05805,0.00336,0.0000,0.1402,0.0000,0.00194,19
0.06966,0.00382,0.0000,0.1457,0.0000,0.00207,19
0.08127,0.00450,0.0000,0.1521,0.0000,0.00220,20
0.09288,0.00487,0.0000,0.1592,0.0000,0.00245,19
0.10449,0.00570,0.0000,0.1627,0.0000,0.00131,20
0.1161,0.00614,0.0000,0.1669,0.0000,0.00177,19
0.12771,0.00695,0.0000,0.1696,0.0000,0.00116,20
0.13932,0.00706,0.0000,0.1759,0.0000,0.00229,19
0.15093,0.00806,0.0000,0.1793,0.0000,0.00130,20
0.16254,0.00853,0.0000,0.1836,0.0000,0.00160,19
0.17415,0.00944,0.0000,0.1837,0.0000,0.00083,20
0.18576,0.00948,0.0000,0.1887,0.0000,0.00177,19
0.19737,0.01040,0.0000,0.1926,0.0000,0.00136,20
0.20898,0.01079,0.0000,0.1954,0.0000,0.00100,19
0.22059,0.01182,0.0000,0.1966,0.0000,0.00078,20
0.2322,0.01196,0.0000,0.1986,0.0000,0.00095,19
0.24381,0.01291,0.0000,0.2036,0.0000,0.00170,20
0.25542,0.01309,0.0000,0.2053,0.0000,0.00081,20
0.26703,0.01399,0.0000,0.2080,0.0000,0.00094,20
0.27864,0.01460,0.0000,0.2085,0.0000,0.00082,20
0.29025,0.01530,0.0000,0.2125,0.0000,0.00138,20
0.30186,0.01557,0.0000,0.2131,0.0000,0.00117,20
0.31347,0.01606,0.0000,0.2179,0.0000,0.00168,20
0.32508,0.01707,0.0000,0.2172,0.0000,0.00085,20
0.33669,0.01781,0.0000,0.2218,0.0000,0.00204,19
0.3483,0.01820,0.0000,0.2190,0.0000,0.00082,20
0.35991,0.01842,0.0000,0.2268,0.0000,0.00292,19
0.37152,0.01944,0.0000,0.2251,0.0000,0.00073,20
0.38313,0.01999,0.0000,0.2309,0.0000,0.00239,19
0.39474,0.02086,0.0000,0.2242,0.0000,0.00049,20
0.40635,0.02077,0.0004,0.2348,0.0000,0.00391,19
0.41796,0.02193,0.0000,0.2311,0.0000,0.00073,20
0.42957,0.02188,0.0003,0.2376,0.0000,0.00246,19
0.44118,0.02336,0.0000,0.2315,0.0000,0.00080,20
0.45279,0.02345,0.0005,0.2407,0.0000,0.00357,19
0.4644,0.02446,0.0000,0.2374,0.0000,0.00111,20
0.47601,0.02410,0.0007,0.2431,0.0000,0.00266,19
0.48762,0.02562,0.0000,0.2394,0.0000,0.00084,20
0.49923,0.02608,0.0016,0.2475,0.0000,0.00388,19
0.51084,0.02713,0.0001,0.2425,0.0000,0.00052,20
0.52245,0.02647,0.0008,0.2476,0.0000,0.00249,19
0.53406,0.02781,0.0001,0.2470,0.0000,0.00070,20
0.54567,0.02827,0.0012,0.2524,0.0000,0.00247,19
0.55728,0.02957,0.0004,0.2490,0.0000,0.00031,20
0.56889,0.02915,0.0008,0.2513,0.0000,0.00118,19
0.5805,0.02996,0.0013,0.2544,0.0000,0.00127,20
0.59211,0.03017,0.0029,0.2559,0.0000,0.00086,20
0.60372,0.03073,0.0013,0.2543,0.0000,0.00043,20
0.61533,0.03119,0.0012,0.2544,0.0000,0.00038,20
0.62694,0.03104,0.0009,0.2581,0.0000,0.00137,20
0.63855,0.03099,0.0004,0.2547,0.0000,0.00038,20
0.65016,0.03067,0.0009,0.2561,0.0000,0.00082,20
0.66177,0.03167,0.0005,0.2538,0.0000,0.00087,20
0.67338,0.03144,0.0032,0.2595,0.0000,0.00262,19
0.68499,0.03124,0.0003,0.2525,0.0000,0.00082,20
0.6966,0.03044,0.0020,0.2576,0.0000,0.00265,19
0.70821,0.03153,0.0005,0.2536,0.0000,0.00084,20
0.71982,0.03122,0.0033,0.2593,0.0000,0.00321,19
0.73143,0.03160,0.0000,0.2505,0.0000,0.00048,20
0.74304,0.03035,0.0022,0.2583,0.0000,0.00368,19
0.75465,0.03145,0.0002,0.2533,0.0000,0.00053,20
0.76626,0.03078,0.0027,0.2595,0.0000,0.00318,19
0.77787,0.03174,0.0000,0.2490,0.0000,0.00029,20
0.78948,0.03095,0.0029,0.2597,0.0000,0.00452,19
0.80109,0.03137,0.0003,0.2535,0.0000,0.00061,20
0.8127,0.03059,0.0025,0.2588,0.0000,0.00277,19
0.82431,0.03156,0.0000,0.2506,0.0000,0.00061,20
0.83592,0.03129,0.0027,0.2592,0.0000,0.00401,19
0.84753,0.03161,0.0002,0.2534,0.0000,0.00073,20
0.85914,0.03031,0.0012,0.2568,0.0000,0.00223,20
0.87075,0.03122,0.0003,0.2527,0.0000,0.00048,20
0.88236,0.03128,0.0024,0.2590,0.0000,0.00344,20
0.89397,0.03165,0.0007,0.2542,0.0000,0.00014,20
0.90558,0.03071,0.0013,0.2560,0.0000,0.00154,20
0.91719,0.03093,0.0007,0.2551,0.0000,0.00029,20
0.9288,0.03129,0.0021,0.2588,0.0000,0.00195,20
0.94041,0.03139,0.0008,0.2546,0.0000,0.00005,20
0.95202,0.03129,0.0008,0.2545,0.0000,0.00030,20
0.96363,0.03097,0.0012,0.2574,0.0000,0.00120,20
0.97524,0.03104,0.0008,0.2559,0.0000,0.00009,20
0.98685,0.03103,0.0015,0.2565,0.0000,0.00073,20
0.99846,0.03159,0.0003,0.2525,0.0000,0.00044,20
1.01007,0.03128,0.0027,0.2597,0.0000,0.00305,20
1.02168,0.03114,0.0005,0.2537,0.0000,0.00064,20
1.03329,0.03045,0.0017,0.2571,0.0000,0.00176,20
1.0449,0.03166,0.0004,0.2530,0.0000,0.00087,20
1.05651,0.03122,0.0026,0.2592,0.0000,0.00305,19
1.06812,0.03143,0.0000,0.2513,0.0000,0.00087,20
1.07973,0.03021,0.0016,0.2577,0.0000,0.00321,19
1.09134,0.03154,0.0003,0.2532,0.0000,0.00087,20
1.10295,0.03118,0.0033,0.2600,0.0000,0.00369,19
1.11456,0.03171,0.0000,0.2497,0.0000,0.00031,20
1.12617,0.03068,0.0025,0.2593,0.0000,0.00431,19
1.13778,0.03134,0.0002,0.2534,0.0000,0.00037,20
1.14939,0.03081,0.0024,0.2592,0.0000,0.00286,19
1.161,0.03170,0.0000,0.2493,0.0000,0.00034,20
1.17261,0.03095,0.0025,0.2591,0.0000,0.00410,19
1.18422,0.03148,0.0003,0.2537,0.0000,0.00066,20
1.19583,0.03036,0.0019,0.2577,0.0000,0.00233,19
1.20744,0.03139,0.0000,0.2516,0.0000,0.00056,20
1.21905,0.03134,0.0025,0.2588,0.0000,0.00368,19
1.23066,0.03155,0.0008,0.2550,0.0000,0.00061,20
1.24227,0.03060,0.0015,0.2567,0.0000,0.00164,20
1.25388,0.03096,0.0004,0.2538,0.0000,0.00023,20
1.26549,0.03147,0.0020,0.2583,0.0000,0.00253,20
1.2771,0.03158,0.0009,0.2546,0.0000,0.00006,20
1.28871,0.03096,0.0008,0.2548,0.0000,0.00082,20
1.30032,0.03088,0.0010,0.2562,0.0000,0.00060,20
1.31193,0.03116,0.0013,0.2568,0.0000,0.00052,20
1.32354,0.03132,0.0013,0.2566,0.0000,0.00054,20
1.33515,0.03142,0.0007,0.2533,0.0000,0.00006,20
1.34676,0.03096,0.0023,0.2590,0.0000,0.00242,20
1.35837,0.03118,0.0007,0.2549,0.0000,0.00032,20
1.36998,0.03064,0.0015,0.2570,0.0000,0.00126,20
1.38159,0.03171,0.0001,0.2519,0.0000,0.00064,20
1.3932,0.03114,0.0024,0.2595,0.0000,0.00328,19
1.40481,0.03128,0.0001,0.2525,0.0000,0.00077,20
1.41642,0.03035,0.0019,0.2577,0.0000,0.00269,19
1.42803,0.03165,0.0002,0.2521,0.0000,0.00092,20
1.43964,0.03138,0.0048,0.2599,0.0000,0.00431,19
1.45125,0.03159,0.0001,0.2506,0.0000,0.00076,20
1.46286,0.03038,0.0024,0.2583,0.0000,0.00385,19
1.47447,0.03141,0.0002,0.2528,0.0000,0.00067,20
1.48608,0.03099,0.0025,0.2599,0.0000,0.00361,19
1.49769,0.03174,0.0000,0.2498,0.0000,0.00029,20
1.5093,0.03058,0.0021,0.2585,0.0000,0.00385,19
1.52091,0.03138,0.0003,0.2536,0.0000,0.00047,20
1.53252,0.03066,0.0028,0.2593,0.0000,0.00272,19
1.54413,0.03157,0.0002,0.2508,0.0000,0.00037,20
1.55574,0.03126,0.0032,0.2590,0.0000,0.00358,19
1.56735,0.03140,0.0005,0.2553,0.0000,0.00070,20
1.57896,0.03060,0.0019,0.2573,0.0000,0.00172,20
1.59057,0.03116,0.0001,0.2527,0.0000,0.00035,20
1.60218,0.03146,0.0020,0.2574,0.0000,0.00280,20
1.61379,0.03162,0.0009,0.2557,0.0000,0.00031,20
1.6254,0.03067,0.0008,0.2551,0.0000,0.00083,20
1.63701,0.03087,0.0009,0.2554,0.0000,0.00017,20
1.64862,0.03135,0.0015,0.2576,0.0000,0.00138,20
1.66023,0.03147,0.0017,0.2564,0.0000,0.00020,20
1.67184,0.03120,0.0005,0.2537,0.0000,0.00064,20
1.68345,0.03067,0.0017,0.2576,0.0000,0.00178,20
1.69506,0.03133,0.0008,0.2556,0.0000,0.00033,20
1.70667,0.03097,0.0015,0.2569,0.0000,0.00113,20
1.71828,0.03162,0.0002,0.2513,0.0000,0.00025,20
1.72989,0.03100,0.0024,0.2596,0.0000,0.00343,19
1.7415,0.03120,0.0003,0.2537,0.0000,0.00043,20
1.75311,0.03063,0.0023,0.2580,0.0000,0.00227,19
1.76472,0.03172,0.0001,0.2512,0.0000,0.00081,20
1.77633,0.03129,0.0045,0.2603,0.0000,0.00428,19
1.78794,0.03147,0.0000,0.2519,0.0000,0.00086,20
1.79955,0.03020,0.0021,0.2577,0.0000,0.00310,19
1.81116,0.03154,0.0003,0.2518,0.0000,0.00083,20
1.82277,0.03113,0.0026,0.2595,0.0000,0.00392,19
1.83438,0.03167,0.0000,0.2505,0.0000,0.00048,20
1.84599,0.03034,0.0020,0.2581,0.0000,0.00373,19
1.8576,0.03136,0.0002,0.2534,0.0000,0.00050,20
1.86921,0.03105,0.0039,0.2602,0.0000,0.00366,19
1.88082,0.03169,0.0001,0.2500,0.0000,0.00026,20
1.89243,0.03099,0.0025,0.2589,0.0000,0.00381,19
1.90404,0.03128,0.0008,0.2548,0.0000,0.00052,20
1.91565,0.03068,0.0021,0.2583,0.0000,0.00177,20
1.92726,0.03142,0.0001,0.2519,0.0000,0.00034,20
1.93887,0.03127,0.0015,0.2568,0.0000,0.00246,20
1.95048,0.03150,0.0012,0.2563,0.0000,0.00065,20
1.96209,0.03719,0.0008,0.2672,0.1067,0.05424,20
1.9737,0.04205,0.1171,0.3358,0.3063,0.13967,20
1.98531,0.04453,0.1781,0.3769,0.4003,0.07065,19
1.99692,0.04558,0.1980,0.3976,0.4453,0.03213,19
2.00853,0.04581,0.1903,0.4015,0.4643,0.01132,20
2.02014,0.04578,0.1622,0.3904,0.4617,0.00157,20
2.03175,0.04653,0.1220,0.3793,0.4392,0.00229,20
2.04336,0.04649,0.0801,0.3585,0.4093,0.00062,20
2.05497,0.04150,0.0313,0.3422,0.3730,0.00066,20
2.06658,0.03637,0.0181,0.3265,0.3407,0.00091,20
2.07819,0.03418,0.0070,0.3150,0.3095,0.00050,20
2.0898,0.03244,0.0083,0.3051,0.2732,0.00129,20
2.10141,0.03241,0.0000,0.2820,0.2269,0.00032,20
2.11302,0.03132,0.0025,0.2784,0.1688,0.00436,19
2.12463,0.03154,0.0008,0.2550,0.0829,0.00065,20
2.13624,0.03031,0.0021,0.2582,0.0040,0.00240,19
2.14785,0.03167,0.0000,0.2509,0.0000,0.00077,20
2.15946,0.03120,0.0027,0.2599,0.0000,0.00418,19
2.17107,0.03154,0.0001,0.2521,0.0000,0.00084,20
2.18268,0.03030,0.0020,0.2581,0.0000,0.00328,19
2.19429,0.03144,0.0001,0.2524,0.0000,0.00074,20
2.2059,0.03391,0.0042,0.2601,0.0000,0.00433,19
2.21751,0.04002,0.0011,0.2901,0.2270,0.11993,20
2.22912,0.04211,0.0169,0.3441,0.3646,0.08629,19
2.24073,0.04405,0.0523,0.3671,0.4319,0.04774,20
2.25234,0.04445,0.0813,0.3817,0.4644,0.02629,19
2.26395,0.04540,0.1051,0.3828,0.4725,0.01156,20
2.27556,0.04518,0.0958,0.3820,0.4583,0.00432,20
2.28717,0.04548,0.0854,0.3748,0.4267,0.00393,20
2.29878,0.04323,0.0658,0.3566,0.3972,0.00090,19
2.31039,0.03833,0.0412,0.3396,0.3653,0.00008,20
2.322,0.03537,0.0120,0.3229,0.3311,0.00073,20
2.33361,0.03340,0.0160,0.3146,0.2958,0.00221,20
2.34522,0.03194,0.0202,0.3014,0.2572,0.00222,20
2.35683,0.03123,0.0206,0.2802,0.2054,0.00052,20
2.36844,0.03178,0.0090,0.2636,0.1348,0.00096,20
2.38005,0.03160,0.0068,0.2573,0.0442,0.00071,20
2.39166,0.03118,0.0003,0.2526,0.0000,0.00082,20
2.40327,0.03063,0.0019,0.2575,0.0000,0.00234,20
2.41488,0.03138,0.0005,0.2555,0.0000,0.00076,20
2.42649,0.03114,0.0023,0.2587,0.0000,0.00207,19
2.4381,0.03159,0.0001,0.2508,0.0000,0.00018,20
2.44971,0.03060,0.0022,0.2589,0.0000,0.00353,19
2.46132,0.03702,0.0232,0.2806,0.1211,0.06869,20
2.47293,0.04075,0.1932,0.3582,0.3133,0.15003,19
2.48454,0.04392,0.2587,0.4000,0.4072,0.07193,20
2.49615,0.04462,0.2830,0.4242,0.4541,0.03543,19
2.50776,0.04537,0.2764,0.4288,0.4702,0.01006,20
2.51937,0.04495,0.2358,0.4159,0.4633,0.00085,19
2.53098,0.04591,0.1434,0.3834,0.4421,0.00058,20
2.54259,0.04581,0.0643,0.3518,0.4109,0.00025,19
2.5542,0.04169,0.0395,0.3367,0.3790,0.00121,20
2.5658,0.03623,0.0149,0.3263,0.3517,0.00137,19
2.57741,0.03435,0.0040,0.3138,0.3195,0.00105,20
2.58902,0.03263,0.0123,0.3039,0.2809,0.00324,19
2.60063,0.03246,0.0039,0.2848,0.2370,0.00023,20
2.61224,0.03113,0.0048,0.2738,0.1793,0.00263,20
2.62385,0.03130,0.0005,0.2569,0.0983,0.00035,20
2.63546,0.03108,0.0023,0.2591,0.0074,0.00172,20
2.64707,0.03139,0.0004,0.2529,0.0000,0.00026,20
2.65868,0.03134,0.0014,0.2565,0.0000,0.00146,20
2.67029,0.03126,0.0011,0.2568,0.0000,0.00059,20
2.6819,0.03078,0.0008,0.2560,0.0000,0.00031,20
2.69351,0.03098,0.0008,0.2550,0.0000,0.00010,20
2.70512,0.03278,0.0012,0.2552,0.0000,0.00091,20
2.71673,0.03915,0.0724,0.3012,0.2084,0.12705,20
2.72834,0.04223,0.1779,0.3487,0.3532,0.10442,20
2.73995,0.04370,0.2246,0.3771,0.4255,0.05255,20
2.75156,0.04522,0.2364,0.3869,0.4594,0.02207,20
2.76317,0.04537,0.2178,0.3798,0.4663,0.00544,19
2.77478,0.04570,0.1612,0.3763,0.4523,0.00223,20
2.78639,0.04511,0.0976,0.3626,0.4276,0.00144,19
2.798,0.04502,0.0587,0.3435,0.3947,0.00030,20
2.80961,0.03923,0.0480,0.3225,0.3595,0.00064,19
2.82122,0.03607,0.0227,0.3170,0.3251,0.00175,20
2.83283,0.03313,0.0190,0.3154,0.2940,0.00379,19
2.84444,0.03243,0.0042,0.3015,0.2568,0.00058,20
2.85605,0.03119,0.0063,0.2883,0.2071,0.00172,19
2.86766,0.03196,0.0000,0.2580,0.1375,0.00028,20
2.87927,0.03120,0.0025,0.2593,0.0454,0.00438,19
2.89088,0.03157,0.0003,0.2529,0.0000,0.00083,20
2.90249,0.03018,0.0017,0.2578,0.0000,0.00277,19
2.9141,0.03143,0.0000,0.2512,0.0000,0.00065,20
2.92571,0.03127,0.0029,0.2596,0.0000,0.00429,19
2.93732,0.03166,0.0004,0.2528,0.0000,0.00040,20
2.94893,0.03055,0.0022,0.2574,0.0000,0.00277,20
2.96054,0.03636,0.0236,0.2669,0.0789,0.04613,20
2.97215,0.04171,0.1833,0.3470,0.2961,0.15984,20
2.98376,0.04428,0.2557,0.3853,0.3954,0.07475,20
2.99537,0.04490,0.2846,0.4067,0.4436,0.03547,20
3.00698,0.04560,0.2830,0.4125,0.4629,0.01185,20
3.01859,0.04567,0.2484,0.4064,0.4604,0.00166,20
3.0302,0.04608,0.1584,0.3818,0.4400,0.00020,20
3.04181,0.04626,0.0532,0.3577,0.4095,0.00012,20
3.05342,0.04216,0.0327,0.3448,0.3775,0.00195,20
3.06503,0.03680,0.0251,0.3292,0.3456,0.00089,20
3.07664,0.03366,0.0181,0.3272,0.3155,0.00211,20
3.08825,0.03322,0.0206,0.3107,0.2829,0.00171,20
3.09986,0.03205,0.0236,0.2961,0.2417,0.00209,20
3.11147,0.03158,0.0089,0.2726,0.1853,0.00086,20
3.12308,0.03058,0.0040,0.2580,0.1027,0.00126,20
3.13469,0.03162,0.0002,0.2540,0.0091,0.00081,20
3.1463,0.03134,0.0039,0.2595,0.0000,0.00330,19
3.15791,0.03157,0.0000,0.2505,0.0000,0.00048,20
3.16952,0.03059,0.0030,0.2590,0.0000,0.00402,19
3.18113,0.03138,0.0004,0.2536,0.0000,0.00046,20
3.19274,0.03079,0.0022,0.2591,0.0000,0.00282,19
3.20435,0.03308,0.0000,0.2492,0.0000,0.00033,20
3.21596,0.03894,0.0064,0.2801,0.2219,0.11632,19
3.22757,0.04262,0.0076,0.3319,0.3589,0.08419,20
3.23918,0.04375,0.0320,0.3683,0.4279,0.04993,19
3.25079,0.04535,0.0436,0.3885,0.4601,0.02526,20
3.2624,0.04552,0.0748,0.3946,0.4672,0.01305,19
3.27401,0.04588,0.0760,0.3921,0.4567,0.00357,20
3.28562,0.04523,0.0745,0.3736,0.4299,0.00167,20
3.29723,0.04485,0.0630,0.3550,0.3977,0.00250,20
3.30884,0.03923,0.0545,0.3454,0.3627,0.00139,20
3.32045,0.03608,0.0437,0.3325,0.3314,0.00049,20
3.33206,0.03276,0.0216,0.3161,0.3014,0.00094,19
3.34367,0.03211,0.0166,0.3005,0.2665,0.00143,20
3.35528,0.03163,0.0209,0.2875,0.2229,0.00200,20
3.36689,0.03173,0.0060,0.2651,0.1566,0.00009,20
3.3785,0.03132,0.0020,0.2560,0.0564,0.00047,20
3.39011,0.03098,0.0014,0.2571,0.0000,0.00068,20
3.40172,0.03109,0.0012,0.2566,0.0000,0.00014,20
3.41333,0.03092,0.0010,0.2559,0.0000,0.00015,20
3.42494,0.03162,0.0007,0.2532,0.0000,0.00043,20
3.43655,0.03126,0.0023,0.2590,0.0000,0.00239,20
3.44816,0.03106,0.0003,0.2536,0.0000,0.00058,20
3.45977,0.03543,0.0016,0.2567,0.0602,0.02982,20
3.47138,0.04122,0.0036,0.2834,0.2754,0.11321,20
3.48299,0.04349,0.0275,0.3321,0.3838,0.07248,19
3.4946,0.04454,0.0840,0.3621,0.4357,0.04539,20
3.50621,0.04436,0.1285,0.3746,0.4601,0.02483,19
3.51782,0.04549,0.1463,0.3767,0.4616,0.00801,20
3.52943,0.04532,0.1312,0.3665,0.4461,0.00110,19
3.54104,0.04586,0.0785,0.3517,0.4175,0.00059,20
3.55265,0.04139,0.0499,0.3522,0.3855,0.00510,19
3.56426,0.03730,0.0257,0.3276,0.3541,0.00046,20
3.57587,0.03386,0.0190,0.3208,0.3227,0.00332,19
3.58748,0.03335,0.0047,0.3017,0.2862,0.00028,20
3.59909,0.03199,0.0088,0.2952,0.2454,0.00323,19
3.6107,0.03187,0.0002,0.2740,0.1909,0.00074,20
3.62231,0.03063,0.0017,0.2602,0.1082,0.00171,19
3.63392,0.03149,0.0002,0.2511,0.0160,0.00030,20
3.64553,0.03128,0.0021,0.2585,0.0000,0.00363,19
3.65714,0.03163,0.0005,0.2544,0.0000,0.00061,20
3.66875,0.03042,0.0009,0.2563,0.0000,0.00164,20
3.68036,0.03108,0.0001,0.2537,0.0000,0.00027,20
3.69197,0.03134,0.0027,0.2590,0.0000,0.00297,20
3.70358,0.03157,0.0010,0.2545,0.0000,0.00009,20
3.71519,0.03790,0.0566,0.2569,0.2136,0.11368,20
3.7268,0.04151,0.1689,0.3400,0.3582,0.11778,20
3.73841,0.04366,0.2210,0.3777,0.4304,0.05704,20
3.75002,0.04455,0.2363,0.3955,0.4650,0.02567,20
3.76163,0.04512,0.2195,0.3952,0.4732,0.00660,20
3.77324,0.04512,0.1697,0.3829,0.4613,0.00128,20
3.78485,0.04519,0.0948,0.3662,0.4328,0.00057,20
3.79646,0.04510,0.0631,0.3559,0.4002,0.00142,19
3.80807,0.04015,0.0544,0.3352,0.3702,0.00055,20
3.81968,0.03585,0.0344,0.3202,0.3380,0.00250,20
3.83129,0.03370,0.0187,0.2993,0.3081,0.00154,20
3.8429,0.03152,0.0149,0.2949,0.2715,0.00181,19
3.85451,0.03223,0.0014,0.2803,0.2260,0.00072,20
3.86612,0.03150,0.0070,0.2724,0.1599,0.00364,19
3.87773,0.03167,0.0005,0.2508,0.0626,0.00079,20
3.88934,0.03039,0.0027,0.2580,0.0000,0.00357,19
3.90095,0.03143,0.0002,0.2531,0.0000,0.00071,20
3.91256,0.03116,0.0039,0.2604,0.0000,0.00393,19
3.92417,0.03174,0.0000,0.2493,0.0000,0.00029,20
3.93578,0.03076,0.0023,0.2589,0.0000,0.00422,19
3.94739,0.03138,0.0004,0.2534,0.0000,0.00047,20
3.959,0.08294,0.4264,0.3749,0.0686,0.15508,20
3.97061,0.10317,0.7126,0.5454,0.3164,0.22867,9
3.98222,0.12636,0.8068,0.6248,0.4169,0.09227,9
3.99383,0.13456,0.8387,0.6627,0.4662,0.04219,9
4.00544,0.14048,0.8734,0.6679,0.4840,0.01709,8
4.01705,0.15617,0.8981,0.6416,0.4797,0.00647,8
4.02866,0.17255,0.8849,0.5872,0.4571,0.00096,0
4.04027,0.18208,0.8247,0.5111,0.4286,0.00036,0
4.05188,0.16868,0.7760,0.4313,0.3941,0.00400,0
4.06349,0.15913,0.7380,0.3898,0.3623,0.00202,0
4.0751,0.14425,0.7106,0.3803,0.3326,0.00172,1
4.08671,0.14171,0.6689,0.3546,0.3023,0.00044,1
4.09832,0.14013,0.5845,0.3333,0.2645,0.00170,0
4.10993,0.12718,0.6203,0.3472,0.2131,0.01784,0
4.12154,0.10879,0.6459,0.3366,0.1373,0.00567,1
4.13315,0.09597,0.6337,0.3251,0.0378,0.00105,1
4.14476,0.09142,0.5921,0.3150,0.0166,0.00051,1
4.15637,0.08888,0.6269,0.3170,0.0161,0.00903,1
4.16798,0.08492,0.6417,0.3188,0.0156,0.00579,1
4.17959,0.07631,0.6392,0.3125,0.0152,0.00159,1
4.1912,0.06869,0.6278,0.3159,0.0149,0.00303,1
4.20281,0.06037,0.6071,0.3656,0.0245,0.02337,1
4.21442,0.06958,0.6107,0.4513,0.2167,0.12403,1
4.22603,0.07489,0.7336,0.5282,0.3588,0.11685,1
4.23764,0.08355,0.7936,0.5723,0.4315,0.06061,4
4.24925,0.08895,0.8210,0.5874,0.4697,0.02852,7
4.26086,0.09288,0.8211,0.5781,0.4799,0.00788,8
4.27247,0.09627,0.8002,0.5481,0.4706,0.00066,8
4.28408,0.09912,0.7812,0.4980,0.4447,0.00020,8
4.29569,0.10074,0.7569,0.4721,0.4055,0.00061,8
4.3073,0.09213,0.7260,0.4684,0.3707,0.00132,8
4.31891,0.08487,0.6960,0.4462,0.3391,0.00074,8
4.33052,0.07645,0.6637,0.4134,0.3085,0.00110,8
4.34213,0.07066,0.6284,0.3894,0.2759,0.00077,8
4.35374,0.06664,0.6202,0.3739,0.2338,0.00023,8
4.36535,0.06246,0.6107,0.3682,0.1699,0.00210,8
4.37696,0.05859,0.6026,0.3535,0.0826,0.00200,8
4.38857,0.05507,0.5950,0.3624,0.0136,0.00468,8
4.40018,0.05165,0.5877,0.3495,0.0126,0.00009,8
4.41179,0.04924,0.5789,0.3498,0.0123,0.00149,8
4.4234,0.04691,0.5685,0.3532,0.0119,0.00177,8
4.43501,0.04386,0.5609,0.3384,0.0116,0.00077,8
4.44662,0.04207,0.5527,0.3468,0.0113,0.00433,8
4.45823,0.09813,0.5782,0.4098,0.1198,0.07838,8
4.46984,0.14580,0.7416,0.5781,0.3641,0.20312,8
4.48145,0.17993,0.8334,0.6513,0.4743,0.09415,8
4.49306,0.19379,0.8773,0.6878,0.5315,0.04761,7
4.50467,0.20672,0.9195,0.6995,0.5604,0.02580,6
4.51628,0.21632,0.9407,0.6820,0.5633,0.00773,6
4.52789,0.22524,0.9307,0.6485,0.5550,0.00300,6
4.5395,0.22968,0.8820,0.6009,0.5311,0.00010,1
4.55111,0.21834,0.8338,0.5509,0.5029,0.00117,0
4.56272,0.19235,0.8200,0.5161,0.4832,0.00135,0
4.57433,0.16600,0.7837,0.5132,0.4597,0.00404,0
4.58594,0.15252,0.8070,0.5012,0.4375,0.00560,0
4.59755,0.13714,0.7949,0.4836,0.4159,0.00107,0
4.60916,0.12461,0.7888,0.4732,0.3874,0.00180,1
4.62077,0.10947,0.7885,0.4663,0.3558,0.00294,1
4.63238,0.10246,0.7709,0.4461,0.3340,0.00087,1
4.64399,0.08941,0.7758,0.4377,0.3161,0.00532,1
4.6556,0.08397,0.7702,0.4342,0.2951,0.00251,1
4.66721,0.07639,0.7525,0.4233,0.2730,0.00104,1
4.67882,0.06953,0.7538,0.4058,0.2526,0.00338,1
4.69043,0.06681,0.7409,0.3927,0.2250,0.00221,1
4.70204,0.05967,0.7388,0.3800,0.1870,0.00322,1
4.71365,0.07412,0.7389,0.4332,0.2076,0.03276,1
4.72526,0.08469,0.7351,0.4982,0.3457,0.08825,1
4.73687,0.09268,0.7755,0.5456,0.4201,0.05876,1
4.74848,0.09781,0.8085,0.5573,0.4609,0.03028,1
4.76009,0.09921,0.8131,0.5499,0.4741,0.00951,1
4.7717,0.10285,0.7903,0.5193,0.4653,0.00059,1
4.78331,0.10445,0.7367,0.4688,0.4390,0.00037,4
4.79492,0.10617,0.7105,0.4625,0.4121,0.00353,4
4.80653,0.09720,0.7080,0.4569,0.3842,0.00212,4
4.81814,0.08661,0.6912,0.4394,0.3483,0.00072,4
4.82975,0.07742,0.6700,0.4001,0.3150,0.00088,4
4.84136,0.07103,0.6273,0.3635,0.2771,0.00044,4
4.85297,0.06702,0.6165,0.3472,0.2300,0.00031,4
4.86458,0.06257,0.6076,0.3316,0.1668,0.00018,4
4.87619,0.05767,0.5990,0.3268,0.0778,0.00141,4
4.8878,0.05530,0.5880,0.3125,0.0103,0.00036,4
4.89941,0.05231,0.5794,0.3084,0.0093,0.00065,4
4.91102,0.04953,0.5719,0.3053,0.0089,0.00134,4
4.92263,0.04637,0.5619,0.3130,0.0087,0.00346,4
4.93424,0.04506,0.5547,0.3099,0.0084,0.00106,4
4.94585,0.04241,0.5473,0.3132,0.0081,0.00197,4
4.95746,0.08414,0.5705,0.3997,0.0682,0.06508,4
4.96907,0.10214,0.7246,0.5397,0.2889,0.18108,3
4.98068,0.12260,0.7807,0.6205,0.3984,0.09108,9
4.99229,0.13261,0.8209,0.6564,0.4550,0.04681,9
5.0039,0.14010,0.8688,0.6631,0.4805,0.02412,8
5.01551,0.15531,0.8974,0.6479,0.4804,0.00908,8
5.02712,0.17181,0.8894,0.6068,0.4612,0.00144,0
5.03873,0.18130,0.8376,0.5234,0.4314,0.00001,0
5.05034,0.16953,0.7823,0.4435,0.3974,0.00275,0
5.06195,0.16024,0.7426,0.4103,0.3651,0.00286,0
5.07356,0.14757,0.7162,0.3955,0.3335,0.00085,1
5.08517,0.14256,0.6800,0.3809,0.3023,0.00050,1
5.09678,0.14027,0.5975,0.3526,0.2643,0.00079,0
5.10839,0.12779,0.6092,0.3483,0.2160,0.00814,0
5.12,0.10889,0.6441,0.3414,0.1422,0.00996,1
5.13161,0.09598,0.6360,0.3310,0.0395,0.00162,1
5.14322,0.09113,0.6002,0.3362,0.0128,0.00282,1
5.15483,0.08956,0.6264,0.3372,0.0125,0.00673,1
5.16644,0.08549,0.6447,0.3355,0.0121,0.00599,1
5.17805,0.07809,0.6440,0.3351,0.0118,0.00264,1
5.18966,0.06871,0.6313,0.3376,0.0115,0.00210,1
5.20127,0.06023,0.6062,0.3640,0.0149,0.01131,1
5.21288,0.06914,0.6047,0.4406,0.1915,0.11310,1
5.22449,0.07327,0.7219,0.5217,0.3438,0.12145,1
5.2361,0.08146,0.7867,0.5626,0.4238,0.06432,4
5.24771,0.08725,0.8191,0.5842,0.4623,0.03164,7
5.25932,0.09126,0.8219,0.5845,0.4744,0.00961,8
5.27093,0.09548,0.8037,0.5605,0.4687,0.00106,8
5.28254,0.09837,0.7837,0.5054,0.4459,0.00059,8
5.29415,0.10083,0.7611,0.4802,0.4141,0.00244,8
5.30576,0.09187,0.7265,0.4660,0.3847,0.00051,8
5.31737,0.08646,0.6998,0.4528,0.3544,0.00253,8
5.32898,0.07808,0.6683,0.4137,0.3210,0.00085,8
5.34059,0.07241,0.6288,0.3760,0.2858,0.00071,8
5.3522,0.06796,0.6224,0.3794,0.2433,0.00438,8
5.36381,0.06353,0.6150,0.3610,0.1827,0.00056,8
5.37542,0.05852,0.6046,0.3484,0.0968,0.00160,8
5.38703,0.05518,0.5960,0.3493,0.0188,0.00137,8
5.39864,0.05151,0.5883,0.3372,0.0164,0.00056,8
5.41025,0.04987,0.5800,0.3415,0.0159,0.00324,8
5.42186,0.04643,0.5719,0.3321,0.0156,0.00070,8
5.43347,0.04447,0.5605,0.3363,0.0151,0.00210,8
5.44508,0.04240,0.5519,0.3378,0.0146,0.00113,8
5.45669,0.09262,0.5642,0.3929,0.0682,0.04850,8
5.4683,0.14057,0.7257,0.5650,0.3469,0.22010,8
5.47991,0.17113,0.8236,0.6425,0.4659,0.10081,8
5.49152,0.19123,0.8717,0.6833,0.5277,0.05209,8
5.50313,0.20288,0.9122,0.6934,0.5590,0.02643,6
5.51474,0.21455,0.9387,0.6809,0.5626,0.00919,6
5.52635,0.22411,0.9330,0.6529,0.5512,0.00290,6
5.53796,0.22836,0.8867,0.6255,0.5256,0.00171,1
5.54957,0.21910,0.8371,0.5816,0.5023,0.00125,0
5.56118,0.19497,0.8235,0.5614,0.4794,0.00228,0
5.57279,0.17281,0.7971,0.5459,0.4605,0.00124,0
5.5844,0.15417,0.8040,0.5281,0.4372,0.00261,0
5.59601,0.14002,0.7976,0.5111,0.4147,0.00145,0
5.60762,0.12595,0.7846,0.4965,0.3851,0.00078,1
5.61923,0.10907,0.7915,0.4830,0.3588,0.00232,1
5.63084,0.10292,0.7775,0.4652,0.3393,0.00108,1
5.64245,0.09026,0.7743,0.4388,0.3221,0.00195,1
5.65406,0.08455,0.7729,0.4301,0.3014,0.00261,1
5.66567,0.07776,0.7513,0.4421,0.2820,0.00718,1
5.67728,0.07003,0.7574,0.4281,0.2604,0.00328,1
5.68889,0.06789,0.7440,0.4232,0.2358,0.00306,1
5.7005,0.06040,0.7384,0.4020,0.2033,0.00108,1
5.71211,0.07410,0.7398,0.4412,0.1969,0.02011,1
5.72372,0.08335,0.7315,0.5008,0.3501,0.09507,1
5.73533,0.09239,0.7682,0.5514,0.4341,0.06401,1
5.74694,0.09758,0.8075,0.5659,0.4744,0.03220,1
5.75855,0.09843,0.8147,0.5591,0.4862,0.00930,1
5.77016,0.10177,0.7961,0.5378,0.4763,0.00104,1
5.78177,0.10401,0.7451,0.4889,0.4502,0.00073,4
5.79338,0.10607,0.7086,0.4748,0.4167,0.00190,4
5.80499,0.09684,0.7097,0.4608,0.3861,0.00211,4
5.8166,0.08765,0.6950,0.4397,0.3550,0.00037,4
5.82821,0.07773,0.6735,0.3936,0.3230,0.00042,4
5.83982,0.07146,0.6308,0.3670,0.2888,0.00331,4
5.85143,0.06786,0.6156,0.3343,0.2480,0.00014,4
5.86304,0.06426,0.6057,0.3198,0.1920,0.00083,4
5.87465,0.05885,0.5986,0.3111,0.1100,0.00172,4
5.88626,0.05487,0.5893,0.3141,0.0218,0.00189,4
5.89787,0.05270,0.5831,0.3161,0.0165,0.00198,4
5.90948,0.05078,0.5759,0.3154,0.0160,0.00169,4
5.92109,0.04692,0.5665,0.3145,0.0155,0.00110,4
5.9327,0.04420,0.5594,0.3184,0.0151,0.00197,4
5.94431,0.04339,0.5490,0.3114,0.0147,0.00029,4
5.95592,0.07186,0.5764,0.3846,0.0462,0.04842,4
5.96753,0.10277,0.7128,0.5157,0.2577,0.17010,4
5.97914,0.12051,0.7691,0.5998,0.3729,0.09578,7
5.99075,0.13288,0.8198,0.6468,0.4367,0.05557,8
6.00236,0.14012,0.8611,0.6599,0.4691,0.02757,8
6.01397,0.15561,0.8959,0.6422,0.4762,0.01112,8
6.02558,0.17165,0.8925,0.6007,0.4659,0.00186,0
6.03719,0.18187,0.8483,0.5358,0.4410,0.00026,0
6.0488,0.17535,0.7878,0.4495,0.4084,0.00076,0
6.06041,0.16026,0.7473,0.4169,0.3754,0.00345,0
6.07202,0.14949,0.7194,0.3941,0.3426,0.00045,1
6.08363,0.14254,0.6857,0.3767,0.3097,0.00061,1
6.09524,0.14023,0.6169,0.3568,0.2748,0.00132,0
6.10685,0.12825,0.5960,0.3371,0.2271,0.00336,0
6.11846,0.11004,0.6437,0.3229,0.1571,0.01089,1
6.13007,0.09563,0.6386,0.3136,0.0650,0.00287,1
6.14168,0.09070,0.6032,0.3118,0.0167,0.00186,1
6.15329,0.09015,0.6205,0.3209,0.0162,0.00787,1
6.1649,0.08601,0.6419,0.3227,0.0158,0.00677,1
6.17651,0.07956,0.6441,0.3273,0.0154,0.00457,1
6.18812,0.06940,0.6344,0.3244,0.0149,0.00051,1
6.19973,0.06024,0.6089,0.3408,0.0159,0.00710,1
6.21134,0.06498,0.6085,0.4254,0.1684,0.10493,1
6.22295,0.07078,0.7095,0.5171,0.3358,0.12940,1
6.23456,0.08049,0.7801,0.5665,0.4182,0.06908,4
6.24617,0.08618,0.8165,0.5889,0.4605,0.03471,6
6.25778,0.09077,0.8230,0.5875,0.4731,0.01029,8
6.26939,0.09482,0.8064,0.5601,0.4684,0.00245,8
6.281,0.09797,0.7856,0.5142,0.4436,0.00028,8
6.29261,0.10021,0.7658,0.4705,0.4137,0.00066,8
6.30422,0.09427,0.7248,0.4707,0.3841,0.00321,8
6.31583,0.08793,0.7039,0.4554,0.3566,0.00150,8
6.32744,0.07905,0.6742,0.4181,0.3226,0.00054,8
6.33905,0.07219,0.6318,0.3957,0.2823,0.00194,8
6.35066,0.06798,0.6232,0.3839,0.2409,0.00168,8
6.36227,0.06243,0.6153,0.3645,0.1851,0.00099,8
6.37388,0.05919,0.6074,0.3690,0.1036,0.00353,8
6.38549,0.05468,0.5973,0.3540,0.0206,0.00004,8
6.3971,0.05249,0.5879,0.3498,0.0128,0.00050,8
6.40871,0.04955,0.5793,0.3555,0.0124,0.00282,8
6.42032,0.04753,0.5711,0.3437,0.0121,0.00095,8
6.43193,0.04499,0.5634,0.3491,0.0117,0.00444,8
6.44354,0.04328,0.5538,0.3374,0.0113,0.00020,8
6.45515,0.06691,0.5662,0.3816,0.0397,0.03276,8
6.46676,0.13371,0.7093,0.5355,0.3206,0.21281,8
6.47837,0.17032,0.8123,0.6349,0.4537,0.11588,6
6.48998,0.19184,0.8674,0.6834,0.5228,0.05938,8
6.50159,0.20313,0.9069,0.6984,0.5574,0.02880,6
6.5132,0.21519,0.9384,0.6870,0.5662,0.01167,6
6.52481,0.22335,0.9370,0.6536,0.5530,0.00265,6
6.53642,0.22837,0.8947,0.6095,0.5318,0.00051,1
6.54803,0.22714,0.8492,0.5703,0.5115,0.00137,0
6.55964,0.19988,0.8211,0.5393,0.4902,0.00194,0
6.57125,0.17237,0.8041,0.5291,0.4655,0.00209,0
6.58286,0.15376,0.8019,0.5225,0.4369,0.00284,0
6.59447,0.13974,0.8013,0.5051,0.4118,0.00300,0
6.60608,0.12529,0.7833,0.4852,0.3878,0.00041,1
6.61769,0.11130,0.7931,0.4604,0.3654,0.00329,1
6.6293,0.10342,0.7812,0.4560,0.3416,0.00218,1
6.64091,0.09443,0.7708,0.4448,0.3189,0.00132,1
6.65252,0.08455,0.7727,0.4289,0.2972,0.00374,1
6.66413,0.08127,0.7523,0.4138,0.2807,0.00232,1
6.67574,0.06982,0.7566,0.4011,0.2656,0.00576,1
6.68735,0.06870,0.7483,0.3912,0.2414,0.00337,1
6.69896,0.05963,0.7362,0.3818,0.2093,0.00115,1
6.71057,0.07299,0.7420,0.4204,0.1824,0.01637,1
6.72218,0.08281,0.7279,0.4884,0.3284,0.09282,1
6.73379,0.09034,0.7583,0.5392,0.4197,0.06660,1
6.7454,0.09608,0.8039,0.5614,0.4662,0.03888,1
6.75701,0.09898,0.8150,0.5652,0.4831,0.01336,1
6.76862,0.10146,0.8002,0.5372,0.4737,0.00108,1
6.78023,0.10377,0.7542,0.4854,0.4508,0.00076,4
6.79184,0.10588,0.7078,0.4680,0.4175,0.00290,4
6.80345,0.09819,0.7113,0.4621,0.3870,0.00596,4
6.81506,0.08800,0.6979,0.4490,0.3546,0.00077,4
6.82667,0.08038,0.6759,0.4101,0.3220,0.00040,4
6.83828,0.07366,0.6369,0.3696,0.2849,0.00073,4
6.84989,0.06814,0.6168,0.3405,0.2414,0.00004,4
6.8615,0.06392,0.6102,0.3373,0.1849,0.00288,4
6.87311,0.06027,0.6023,0.3294,0.1081,0.00078,4
6.88472,0.05573,0.5940,0.3294,0.0211,0.00135,4
6.89633,0.05260,0.5853,0.3261,0.0094,0.00031,4
6.90794,0.04997,0.5760,0.3199,0.0090,0.00034,4
6.91955,0.04669,0.5691,0.3211,0.0087,0.00129,4
6.93116,0.04472,0.5583,0.3132,0.0084,0.00015,4
6.94277,0.04296,0.5474,0.3102,0.0082,0.00043,4
6.95438,0.04375,0.5685,0.3750,0.0298,0.03880,4
6.96599,0.10018,0.6973,0.5019,0.2312,0.16289,4
6.9776,0.11799,0.7575,0.6043,0.3670,0.11346,6
6.98921,0.13162,0.8176,0.6537,0.4343,0.05980,8
7.00082,0.13992,0.8525,0.6722,0.4680,0.02876,8
7.01243,0.15281,0.8940,0.6594,0.4769,0.01276,8
7.02404,0.17010,0.8948,0.6212,0.4623,0.00221,0
7.03565,0.18001,0.8580,0.5481,0.4353,0.00000,0
7.04726,0.18418,0.7910,0.4656,0.4027,0.00060,0
7.05887,0.16090,0.7517,0.4197,0.3703,0.00436,0
7.07048,0.15040,0.7223,0.3881,0.3391,0.00110,1
7.08209,0.14160,0.6898,0.3693,0.3063,0.00129,1
7.0937,0.13949,0.6257,0.3517,0.2705,0.00172,0
7.10531,0.13068,0.5800,0.3544,0.2227,0.00700,0
7.11692,0.11198,0.6438,0.3425,0.1571,0.01318,1
7.12853,0.09792,0.6454,0.3408,0.0685,0.00337,1
7.14014,0.09159,0.6126,0.3301,0.0130,0.00196,1
7.15175,0.09059,0.6113,0.3196,0.0126,0.00066,1
7.16336,0.08775,0.6381,0.3170,0.0122,0.00783,1
7.17497,0.08195,0.6423,0.3202,0.0119,0.00442,1
7.18658,0.07171,0.6351,0.3281,0.0116,0.00419,1
7.19819,0.06070,0.6128,0.3202,0.0111,0.00145,1
7.2098,0.06445,0.6148,0.4183,0.1164,0.08808,1
7.22141,0.07121,0.6958,0.5031,0.3112,0.13640,1
7.23302,0.08088,0.7736,0.5635,0.4053,0.08001,4
7.24463,0.08652,0.8133,0.5924,0.4550,0.04069,6
7.25624,0.09068,0.8243,0.5933,0.4740,0.01325,8
7.26785,0.09470,0.8098,0.5726,0.4729,0.00189,8
7.27946,0.09774,0.7868,0.5215,0.4547,0.00005,8
7.29107,0.09997,0.7700,0.4687,0.4213,0.00054,8
7.30268,0.09412,0.7248,0.4553,0.3930,0.00120,8
7.31429,0.08822,0.7084,0.4471,0.3622,0.00324,8
7.3259,0.07836,0.6783,0.4202,0.3305,0.00072,8
7.33751,0.07291,0.6370,0.3900,0.2983,0.00118,8
7.34912,0.06813,0.6231,0.3823,0.2574,0.00110,8
7.36073,0.06411,0.6148,0.3725,0.2050,0.00088,8
7.37234,0.05953,0.6065,0.3616,0.1280,0.00199,8
7.38395,0.05657,0.5986,0.3401,0.0287,0.00039,8
7.39556,0.05382,0.5895,0.3453,0.0165,0.00412,8
7.40717,0.05043,0.5800,0.3370,0.0161,0.00120,8
7.41878,0.04740,0.5723,0.3424,0.0156,0.00267,8
7.43039,0.04568,0.5643,0.3386,0.0152,0.00031,8
7.442,0.04303,0.5563,0.3247,0.0148,0.00008,8
7.45361,0.04143,0.5635,0.3666,0.0305,0.02585,8
7.46522,0.12448,0.6880,0.5281,0.2904,0.20092,8
7.47683,0.16700,0.7990,0.6210,0.4358,0.12099,6
7.48844,0.18842,0.8602,0.6675,0.5128,0.06375,8
7.50005,0.20059,0.8993,0.6854,0.5530,0.03295,6
7.51166,0.21278,0.9344,0.6822,0.5671,0.01592,6
7.52327,0.21823,0.9385,0.6577,0.5596,0.00439,6
7.53488,0.22585,0.9027,0.6249,0.5399,0.00134,1
7.54649,0.22902,0.8542,0.5833,0.5150,0.00051,0
7.5581,0.20300,0.8194,0.5575,0.4909,0.00104,0
7.56971,0.17129,0.8080,0.5367,0.4658,0.00163,0
7.58132,0.15418,0.7955,0.5210,0.4430,0.00102,0
7.59293,0.13900,0.8031,0.5146,0.4210,0.00505,0
7.60454,0.12502,0.7820,0.5042,0.3950,0.00140,1
7.61615,0.11681,0.7938,0.4921,0.3663,0.00394,1
7.62776,0.10398,0.7825,0.4812,0.3443,0.00084,1
7.63937,0.09905,0.7660,0.4707,0.3260,0.00192,1
7.65098,0.08564,0.7713,0.4511,0.3076,0.00485,1
7.66259,0.08404,0.7563,0.4387,0.2821,0.00299,1
7.6742,0.07132,0.7590,0.4306,0.2590,0.00390,1
7.6858,0.06935,0.7510,0.4128,0.2402,0.00084,1
7.69741,0.06136,0.7363,0.4061,0.2105,0.00055,1
7.70902,0.06968,0.7416,0.4237,0.1760,0.01082,1
7.72063,0.08243,0.7265,0.4896,0.3050,0.08402,1
7.73224,0.08916,0.7464,0.5465,0.4047,0.07143,1
7.74385,0.09503,0.8011,0.5704,0.4579,0.04361,1
7.75546,0.09839,0.8163,0.5694,0.4807,0.01585,1
7.76707,0.10151,0.8048,0.5477,0.4812,0.00239,1
7.77868,0.10399,0.7631,0.4996,0.4586,0.00000,4
7.79029,0.10558,0.7081,0.4797,0.4239,0.00297,4
7.8019,0.10007,0.7137,0.4713,0.3911,0.00443,4
7.81351,0.08896,0.6992,0.4596,0.3634,0.00091,4
7.82512,0.08051,0.6785,0.4261,0.3324,0.00031,4
7.83673,0.07497,0.6434,0.3742,0.2978,0.00065,4
7.84834,0.06845,0.6214,0.3481,0.2579,0.00075,4
7.85995,0.06398,0.6117,0.3358,0.2060,0.00059,4
7.87156,0.05997,0.6035,0.3294,0.1321,0.00073,4
7.88317,0.05651,0.5956,0.3226,0.0391,0.00009,4
7.89478,0.05283,0.5841,0.3120,0.0166,0.00011,4
7.90639,0.05012,0.5743,0.3140,0.0161,0.00218,4
7.918,0.04810,0.5652,0.3036,0.0157,0.00040,4
7.92961,0.04467,0.5574,0.2986,0.0152,0.00002,4
7.94122,0.04377,0.5486,0.2998,0.0148,0.00142,4
7.95283,0.04180,0.5550,0.3633,0.0247,0.02978,4
7.96444,0.09613,0.6786,0.4896,0.2161,0.15687,4
7.97605,0.11742,0.7497,0.5854,0.3575,0.11580,6
7.98766,0.13138,0.8146,0.6352,0.4308,0.06366,9
7.99927,0.13951,0.8413,0.6521,0.4692,0.02942,8
8.01088,0.15041,0.8916,0.6440,0.4801,0.01592,8
8.02249,0.16699,0.8959,0.6129,0.4709,0.00378,6
8.0341,0.17905,0.8655,0.5594,0.4431,0.00002,0
8.04571,0.18384,0.7931,0.4696,0.4137,0.00000,0
8.05732,0.16369,0.7575,0.4075,0.3837,0.00539,0
8.06893,0.14984,0.7252,0.3864,0.3533,0.00141,1
8.08054,0.14110,0.6946,0.3741,0.3198,0.00107,1
8.09215,0.13795,0.6363,0.3516,0.2829,0.00082,0
8.10376,0.13207,0.5877,0.3463,0.2386,0.00316,0
8.11537,0.11509,0.6429,0.3449,0.1771,0.01587,1
8.12698,0.10008,0.6473,0.3329,0.0842,0.00293,1
8.13859,0.09254,0.6223,0.3259,0.0170,0.00130,1
8.1502,0.09087,0.6057,0.3187,0.0163,0.00093,1
8.16181,0.08882,0.6365,0.3224,0.0159,0.00918,1
8.17342,0.08383,0.6431,0.3189,0.0155,0.00333,1
8.18503,0.07449,0.6370,0.3206,0.0150,0.00383,1
8.19664,0.06384,0.6192,0.3183,0.0149,0.00171,1
8.20825,0.06549,0.6176,0.4030,0.0897,0.06928,1
8.21986,0.07171,0.6801,0.4996,0.3018,0.14527,1
8.23147,0.07929,0.7659,0.5620,0.4010,0.08467,4
8.24308,0.08653,0.8093,0.5908,0.4534,0.04258,6
8.25469,0.09044,0.8244,0.5945,0.4768,0.01611,8
8.2663,0.09433,0.8121,0.5723,0.4751,0.00230,8
8.27791,0.09789,0.7902,0.5253,0.4551,0.00023,8
8.28952,0.10029,0.7725,0.4791,0.4258,0.00142,8
8.30113,0.09573,0.7276,0.4726,0.3956,0.00172,8
8.31274,0.08839,0.7140,0.4645,0.3631,0.00304,8
8.32435,0.08137,0.6826,0.4392,0.3287,0.00031,8
8.33596,0.07401,0.6428,0.3904,0.2975,0.00032,8
8.34757,0.06980,0.6252,0.3802,0.2592,0.00206,8
8.35918,0.06516,0.6148,0.3826,0.2132,0.00411,8
8.37079,0.06110,0.6074,0.3610,0.1403,0.00030,8
8.3824,0.05717,0.5996,0.3557,0.0396,0.00174,8
8.39401,0.05364,0.5917,0.3544,0.0128,0.00084,8
8.40562,0.04976,0.5838,0.3487,0.0124,0.00161,8
8.41723,0.04791,0.5745,0.3540,0.0121,0.00289,8
8.42884,0.04464,0.5656,0.3405,0.0118,0.00004,8
8.44045,0.04379,0.5564,0.3414,0.0114,0.00177,8
8.45206,0.04097,0.5584,0.3637,0.0192,0.01337,8
8.46367,0.12200,0.6682,0.5084,0.2661,0.18641,8
8.47528,0.16472,0.7883,0.6166,0.4261,0.13475,6
8.48689,0.19005,0.8558,0.6729,0.5082,0.07069,8
8.4985,0.20033,0.8938,0.6970,0.5493,0.03465,6
8.51011,0.21425,0.9333,0.6917,0.5619,0.01480,6
8.52172,0.21802,0.9406,0.6566,0.5546,0.00360,6
8.53333,0.22696,0.9115,0.6250,0.5389,0.00163,1
8.54494,0.22951,0.8621,0.5763,0.5193,0.00046,0
8.55655,0.20571,0.8229,0.5472,0.4970,0.00080,0
8.56816,0.17491,0.8112,0.5251,0.4714,0.00109,0
8.57977,0.15367,0.7990,0.5123,0.4491,0.00290,0
8.59138,0.14157,0.8048,0.5051,0.4229,0.00371,0
8.60299,0.12407,0.7804,0.4923,0.3989,0.00175,1
8.6146,0.11963,0.7906,0.4799,0.3748,0.00334,1
8.62621,0.10339,0.7839,0.4763,0.3499,0.00217,1
8.63782,0.10143,0.7593,0.4623,0.3280,0.00143,1
8.64943,0.08647,0.7752,0.4414,0.3093,0.00520,1
8.66104,0.08507,0.7593,0.4014,0.2900,0.00094,1
8.67265,0.07308,0.7573,0.4031,0.2737,0.00521,1
8.68426,0.07044,0.7527,0.3966,0.2519,0.00148,1
8.69587,0.06297,0.7351,0.3915,0.2201,0.00235,1
8.70748,0.06543,0.7400,0.4014,0.1767,0.00821,1
8.71909,0.08234,0.7278,0.4738,0.2968,0.08232,1
8.7307,0.08940,0.7365,0.5272,0.3973,0.06978,1
8.74231,0.09526,0.7967,0.5556,0.4488,0.04602,1
8.75392,0.09822,0.8149,0.5626,0.4715,0.01793,1
8.76553,0.10172,0.8063,0.5450,0.4730,0.00300,1
8.77714,0.10401,0.7696,0.5027,0.4563,0.00071,4
8.78875,0.10532,0.7121,0.4670,0.4297,0.00118,4
8.80036,0.10384,0.7126,0.4630,0.3946,0.00447,4
8.81197,0.09043,0.6996,0.4517,0.3625,0.00072,4
8.82358,0.08102,0.6818,0.4167,0.3290,0.00054,4
8.83519,0.07442,0.6515,0.3633,0.2944,0.00127,4
8.8468,0.06975,0.6225,0.3478,0.2570,0.00217,4
8.85841,0.06380,0.6119,0.3367,0.2082,0.00057,4
8.87002,0.06084,0.6017,0.3236,0.1326,0.00040,4
8.88163,0.05749,0.5928,0.3147,0.0373,0.00101,4
8.89324,0.05338,0.5853,0.3105,0.0095,0.00045,4
8.90485,0.05010,0.5754,0.3095,0.0091,0.00196,4
8.91646,0.04847,0.5658,0.3095,0.0088,0.00061,4
8.92807,0.04624,0.5614,0.3179,0.0085,0.00408,4
8.93968,0.04381,0.5530,0.3130,0.0083,0.00004,4
8.95129,0.04148,0.5467,0.3502,0.0128,0.01668,4
8.9629,0.09601,0.6559,0.4605,0.1949,0.14514,4
8.97451,0.11692,0.7471,0.5765,0.3495,0.13279,6
8.98612,0.13138,0.8103,0.6407,0.4277,0.07060,9
8.99773,0.13848,0.8298,0.6657,0.4662,0.03073,8
9.00934,0.14707,0.8888,0.6600,0.4770,0.01737,8
9.02095,0.16279,0.8977,0.6243,0.4700,0.00372,6
9.03256,0.17712,0.8726,0.5663,0.4459,0.00025,0
9.04417,0.18358,0.7941,0.4841,0.4134,0.00064,0
9.05578,0.16391,0.7621,0.4164,0.3828,0.00606,0
9.06739,0.15081,0.7281,0.4044,0.3509,0.00262,0
9.079,0.14123,0.6991,0.3907,0.3164,0.00073,1
9.09061,0.13906,0.6469,0.3673,0.2777,0.00047,0
9.10222,0.13501,0.5926,0.3341,0.2356,0.00023,0
9.11383,0.12119,0.6370,0.3367,0.1772,0.01328,1
9.12544,0.10310,0.6462,0.3374,0.0924,0.00509,1
9.13705,0.09435,0.6245,0.3323,0.0148,0.00141,1
9.14866,0.09095,0.6007,0.3303,0.0127,0.00206,1
9.16027,0.08917,0.6344,0.3279,0.0123,0.00805,1
9.17188,0.08367,0.6442,0.3393,0.0120,0.00764,1
9.18349,0.07610,0.6383,0.3387,0.0117,0.00186,1
9.1951,0.06586,0.6241,0.3352,0.0113,0.00147,1
9.20671,0.06189,0.6184,0.3972,0.0523,0.04472,1
9.21832,0.06952,0.6629,0.4841,0.2716,0.14273,1
9.22993,0.07591,0.7575,0.5415,0.3856,0.09161,4
9.24154,0.08475,0.8068,0.5722,0.4454,0.04824,6
9.25315,0.08870,0.8242,0.5840,0.4743,0.02162,8
9.26476,0.09370,0.8154,0.5713,0.4789,0.00428,8
9.27637,0.09722,0.7920,0.5390,0.4620,0.00065,8
9.28798,0.09964,0.7754,0.4825,0.4366,0.00042,8
9.29959,0.09837,0.7356,0.4730,0.4081,0.00238,8
9.3112,0.08966,0.7181,0.4678,0.3755,0.00252,8
9.32281,0.08368,0.6859,0.4349,0.3425,0.00014,8
9.33442,0.07429,0.6488,0.3879,0.3098,0.00229,8
9.34603,0.07053,0.6269,0.3848,0.2700,0.00293,8
9.35764,0.06534,0.6191,0.3721,0.2214,0.00067,8
9.36925,0.06073,0.6106,0.3489,0.1504,0.00002,8
9.38086,0.05739,0.6013,0.3459,0.0562,0.00308,8
9.39247,0.05281,0.5923,0.3420,0.0167,0.00205,8
9.40408,0.05096,0.5839,0.3449,0.0162,0.00152,8
9.41569,0.04766,0.5754,0.3412,0.0158,0.00075,8
9.4273,0.04645,0.5668,0.3300,0.0153,0.00070,8
9.43891,0.04410,0.5559,0.3392,0.0149,0.00430,8
9.45052,0.04200,0.5549,0.3459,0.0149,0.00572,8
9.46213,0.11621,0.6462,0.4734,0.2228,0.15910,8
9.47374,0.15680,0.7741,0.5940,0.4058,0.15144,6
9.48535,0.18909,0.8501,0.6591,0.4941,0.07797,8
9.49696,0.19687,0.8869,0.6932,0.5387,0.03957,6
9.50857,0.21223,0.9289,0.6938,0.5575,0.01916,6
9.52018,0.21554,0.9407,0.6749,0.5571,0.00610,6
9.53179,0.22568,0.9167,0.6341,0.5398,0.00168,1
9.5434,0.22870,0.8717,0.5967,0.5174,0.00052,0
9.55501,0.20793,0.8253,0.5650,0.4923,0.00035,0
9.56662,0.18193,0.8154,0.5438,0.4706,0.00142,0
9.57823,0.15365,0.7889,0.5296,0.4478,0.00283,0
9.58984,0.14608,0.8071,0.5206,0.4273,0.00557,0
9.60145,0.12622,0.7819,0.4984,0.4029,0.00113,1
9.61306,0.12397,0.7907,0.4872,0.3757,0.00335,1
9.62467,0.10520,0.7832,0.4641,0.3500,0.00082,1
9.63628,0.10277,0.7304,0.4499,0.3320,0.00375,1
9.64789,0.08835,0.7758,0.4383,0.3118,0.01055,1
9.6595,0.08515,0.7648,0.4409,0.2938,0.00377,1
9.67111,0.07473,0.7582,0.4299,0.2713,0.00061,1
9.68272,0.07043,0.7533,0.4248,0.2440,0.00150,1
9.69433,0.06490,0.7349,0.4128,0.2164,0.00055,1
9.70594,0.06173,0.7406,0.4080,0.1803,0.00624,1
9.71755,0.08195,0.7314,0.4739,0.2776,0.06936,1
9.72916,0.09123,0.7394,0.5320,0.3982,0.07973,1
9.74077,0.09914,0.7919,0.5643,0.4615,0.05078,1
9.75238,0.10217,0.8132,0.5735,0.4943,0.02388,1
9.76399,0.10745,0.8090,0.5615,0.5045,0.00749,1
9.7756,0.11039,0.7759,0.5342,0.5015,0.00197,4
9.78721,0.11262,0.7184,0.4909,0.4878,0.00053,4
9.79882,0.11290,0.7137,0.4789,0.4708,0.00391,4
9.81043,0.10134,0.7017,0.4691,0.4618,0.00212,4
9.82204,0.09034,0.6837,0.4507,0.4519,0.00092,4
9.83365,0.08326,0.6570,0.4200,0.4405,0.00216,4
9.84526,0.07814,0.6186,0.4005,0.4365,0.00255,4
9.85687,0.07186,0.6139,0.3967,0.4328,0.00411,4
9.86848,0.06720,0.6005,0.3901,0.4250,0.00180,4
9.88009,0.06328,0.5951,0.3678,0.4132,0.00183,4
9.8917,0.05907,0.5880,0.3807,0.4049,0.00697,4
9.90331,0.05469,0.5800,0.3792,0.3938,0.00194,4
9.91492,0.05153,0.5729,0.3844,0.3815,0.00336,4
9.92653,0.04925,0.5627,0.3708,0.3700,0.00047,4
9.93814,0.04584,0.5545,0.3713,0.3624,0.00297,4
9.94975,0.04402,0.5389,0.3780,0.3525,0.00577,4
9.96136,0.04097,0.6090,0.4240,0.3424,0.03056,4
9.97297,0.03920,0.6464,0.4661,0.3347,0.02374,4
9.98458,0.03761,0.6478,0.4877,0.3317,0.01232,4
9.99619,0.03617,0.6217,0.4956,0.3280,0.00520,20
10.0078,0.03428,0.5619,0.4794,0.3172,0.00038,20
10.01941,0.03279,0.4428,0.4396,0.2968,0.00046,20
10.03102,0.03257,0.1938,0.3664,0.2592,0.00037,20
10.04263,0.03161,0.0772,0.2935,0.2129,0.00027,20
10.05424,0.03154,0.0912,0.2939,0.1630,0.00827,20
10.06585,0.03064,0.0682,0.3019,0.1495,0.00836,19
10.07746,0.03141,0.0943,0.3179,0.1634,0.01811,20
10.08907,0.03108,0.1221,0.3304,0.1787,0.01972,20
10.10068,0.03172,0.1522,0.3287,0.1887,0.01380,20
10.11229,0.03110,0.1747,0.3288,0.1922,0.01020,19
10.1239,0.03140,0.1857,0.3221,0.1987,0.00890,20
10.13551,0.03067,0.1885,0.3340,0.2103,0.01247,19
10.14712,0.03185,0.1593,0.3436,0.2185,0.00853,20
10.15873,0.03127,0.1694,0.3429,0.2267,0.00943,19
10.17034,0.03169,0.1833,0.3531,0.2368,0.01282,20
10.18195,0.03033,0.1868,0.3619,0.2425,0.01157,19
10.19356,0.03172,0.2181,0.3632,0.2449,0.01086,20
10.20517,0.03147,0.2160,0.3481,0.2501,0.00568,19
10.21678,0.03196,0.1871,0.3580,0.2547,0.00898,20
10.22839,0.03083,0.1901,0.3568,0.2590,0.01058,19
10.24,0.03161,0.2099,0.3638,0.2631,0.01083,20
10.25161,0.03161,0.2408,0.3651,0.2690,0.01110,20
10.26322,0.03212,0.2640,0.3701,0.2740,0.01076,20
10.27483,0.03145,0.2559,0.3748,0.2779,0.00803,19
10.28644,0.03181,0.2511,0.3876,0.2824,0.01152,20
10.29805,0.03129,0.2623,0.3813,0.2873,0.00855,20
10.30966,0.03194,0.2685,0.3876,0.2943,0.01106,20
10.32127,0.03197,0.2560,0.3823,0.2969,0.00475,20
10.33288,0.03194,0.2739,0.3783,0.2981,0.00783,20
10.34449,0.03146,0.2906,0.3780,0.3005,0.00943,20
10.3561,0.03147,0.2816,0.3849,0.3032,0.00817,19
10.36771,0.03234,0.2543,0.3907,0.3052,0.00647,20
10.37932,0.03221,0.2219,0.3827,0.3088,0.00407,19
10.39093,0.03194,0.2340,0.3872,0.3105,0.01098,20
10.40254,0.03142,0.2619,0.3874,0.3136,0.01137,19
10.41415,0.03248,0.3105,0.3928,0.3178,0.01641,20
10.42576,0.03248,0.3211,0.3989,0.3250,0.01217,20
10.43737,0.03263,0.3233,0.3979,0.3250,0.00605,20
10.44898,0.03189,0.3205,0.4079,0.3260,0.00890,19
10.46059,0.03263,0.3134,0.4005,0.3298,0.00605,20
10.4722,0.03205,0.2718,0.3969,0.3328,0.00592,19
10.48381,0.03307,0.2883,0.4008,0.3305,0.00931,20
10.49542,0.03230,0.2615,0.4067,0.3302,0.00599,19
10.50703,0.03291,0.2617,0.4092,0.3352,0.00976,20
10.51864,0.03197,0.2769,0.4055,0.3406,0.00985,20
10.53025,0.03336,0.2983,0.4102,0.3418,0.01241,20
10.54186,0.03321,0.2912,0.4120,0.3474,0.00815,19
10.55347,0.03345,0.2888,0.4186,0.3510,0.00693,20
10.56508,0.03237,0.2677,0.4155,0.3537,0.00580,19
10.57669,0.03335,0.3009,0.4119,0.3517,0.01062,20
10.5883,0.03339,0.3041,0.4164,0.3518,0.01074,19
10.59991,0.03381,0.3261,0.4284,0.3510,0.01121,20
10.61152,0.03280,0.3111,0.4300,0.3539,0.00647,20
10.62313,0.03347,0.2773,0.4343,0.3586,0.00824,20
10.63474,0.03338,0.2752,0.4332,0.3629,0.00709,20
10.64635,0.03412,0.3196,0.4222,0.3615,0.01291,20
10.65796,0.03398,0.3350,0.4279,0.3629,0.01099,20
10.66957,0.03395,0.3622,0.4334,0.3621,0.01037,20
10.68118,0.03394,0.3760,0.4351,0.3640,0.00824,19
10.69279,0.03422,0.3674,0.4405,0.3700,0.00841,19
10.7044,0.03479,0.3531,0.4399,0.3728,0.00571,19
10.71601,0.03478,0.3714,0.4335,0.3764,0.00880,19
10.72762,0.03430,0.3731,0.4316,0.3786,0.00666,19
10.73923,0.03411,0.3314,0.4327,0.3774,0.00601,20
10.75084,0.03495,0.3094,0.4425,0.3781,0.00875,20
10.76245,0.03495,0.2918,0.4351,0.3818,0.00397,20
10.77406,0.03478,0.3266,0.4300,0.3813,0.01114,20
10.78567,0.03402,0.3540,0.4294,0.3802,0.01066,19
10.79728,0.03498,0.3726,0.4335,0.3788,0.00951,20
10.80889,0.03454,0.3848,0.4445,0.3775,0.00887,19
10.8205,0.03532,0.3849,0.4509,0.3815,0.00852,19
10.83211,0.03450,0.3707,0.4424,0.3836,0.00405,19
10.84372,0.03535,0.3696,0.4412,0.3867,0.00991,20
10.85533,0.03486,0.3837,0.4511,0.3901,0.01203,20
10.86694,0.03590,0.4032,0.4546,0.3934,0.00928,20
10.87855,0.03548,0.3967,0.4443,0.3928,0.00515,19
10.89016,0.03608,0.3900,0.4274,0.3938,0.00608,20
10.90177,0.03527,0.3795,0.4361,0.3914,0.00868,20
10.91338,0.03648,0.3787,0.4428,0.3925,0.00871,20
10.92499,0.03630,0.3490,0.4379,0.3919,0.00438,19
10.9366,0.03687,0.3475,0.4405,0.3897,0.00639,20
10.94821,0.03595,0.3472,0.4480,0.3901,0.00952,20
10.95982,0.03700,0.3154,0.4616,0.3925,0.00872,20
10.97143,0.03705,0.3507,0.4589,0.3970,0.01267,19
10.98304,0.03750,0.3558,0.4608,0.4013,0.00854,20
10.99465,0.03701,0.3566,0.4626,0.4039,0.00809,20
11.00626,0.03701,0.3417,0.4644,0.4057,0.00743,20
11.01787,0.03719,0.3537,0.4644,0.4039,0.00711,19
11.02948,0.03753,0.3591,0.4652,0.3993,0.00604,19
11.04109,0.03755,0.3606,0.4584,0.3985,0.00613,20
11.0527,0.03747,0.3810,0.4576,0.4049,0.01212,20
11.06431,0.03748,0.3937,0.4567,0.4119,0.01000,20
11.07592,0.03757,0.3794,0.4526,0.4115,0.00467,20
11.08753,0.03833,0.3991,0.4533,0.4106,0.00881,20
11.09914,0.03829,0.3912,0.4612,0.4093,0.00911,20
11.11075,0.03835,0.4017,0.4609,0.4101,0.00872,20
11.12236,0.03768,0.4009,0.4570,0.4168,0.00772,19
11.13397,0.03898,0.3982,0.4649,0.4188,0.00846,20
11.14558,0.03868,0.3615,0.4647,0.4183,0.00572,19
11.15719,0.03879,0.2798,0.4753,0.4213,0.00861,20
11.1688,0.03799,0.2975,0.4766,0.4206,0.00880,19
11.18041,0.03890,0.3294,0.4701,0.4207,0.00937,20
11.19202,0.03860,0.3658,0.4606,0.4229,0.01097,19
11.20363,0.03943,0.3764,0.4614,0.4232,0.00935,19
11.21524,0.03883,0.3696,0.4757,0.4198,0.00709,19
11.22685,0.03932,0.3915,0.4755,0.4236,0.01198,19
11.23846,0.03885,0.4175,0.4806,0.4280,0.01219,19
11.25007,0.04009,0.4219,0.4710,0.4314,0.00529,20
11.26168,0.03986,0.4223,0.4601,0.4309,0.00543,19
11.27329,0.04037,0.4225,0.4584,0.4287,0.00681,19
11.2849,0.03978,0.4041,0.4585,0.4245,0.00470,19
11.29651,0.04038,0.3931,0.4536,0.4263,0.00554,19
11.30812,0.04065,0.3705,0.4610,0.4264,0.00678,19
11.31973,0.04089,0.3942,0.4685,0.4295,0.01556,20
11.33134,0.04007,0.4032,0.4712,0.4277,0.00798,20
11.34295,0.04057,0.3962,0.4803,0.4287,0.00794,19
11.35456,0.04080,0.4035,0.4715,0.4289,0.00501,19
11.36617,0.04105,0.3812,0.4760,0.4269,0.00564,20
11.37778,0.04084,0.3763,0.4746,0.4295,0.00662,20
11.38939,0.04146,0.3473,0.4773,0.4356,0.00883,20
11.401,0.04170,0.3514,0.4914,0.4338,0.01037,20
11.41261,0.04225,0.3715,0.4925,0.4325,0.00788,20
11.42422,0.04290,0.3899,0.4847,0.4331,0.00746,19
11.43583,0.04244,0.3636,0.4810,0.4377,0.00672,19
11.44744,0.04265,0.3766,0.4693,0.4398,0.00765,19
11.45905,0.04267,0.3659,0.4744,0.4412,0.00708,19
11.47066,0.04360,0.3537,0.4676,0.4433,0.00593,20
11.48227,0.04331,0.3861,0.4702,0.4460,0.01481,20
11.49388,0.04348,0.4029,0.4735,0.4421,0.01165,20
11.50549,0.04269,0.4249,0.4820,0.4419,0.01193,19
11.5171,0.04357,0.4074,0.4826,0.4430,0.00482,20
11.52871,0.04401,0.4028,0.4801,0.4426,0.00705,20
11.54032,0.04440,0.4342,0.4840,0.4377,0.00958,20
11.55193,0.04344,0.4442,0.4836,0.4416,0.00837,19
11.56354,0.04448,0.4193,0.4810,0.4427,0.00431,20
11.57515,0.04427,0.4013,0.4862,0.4443,0.00916,20
11.58676,0.04493,0.3813,0.4893,0.4474,0.00651,20
11.59837,0.04449,0.4026,0.4808,0.4462,0.00819,19
11.60998,0.04503,0.4021,0.4753,0.4459,0.00449,19
11.62159,0.04421,0.3808,0.4736,0.4484,0.00552,19
11.6332,0.04490,0.3557,0.4735,0.4465,0.00386,20
11.64481,0.04502,0.3807,0.4661,0.4474,0.00890,20
11.65642,0.04491,0.3850,0.4810,0.4486,0.01073,20
11.66803,0.04430,0.4197,0.4833,0.4468,0.01130,19
11.67964,0.04540,0.4483,0.4897,0.4475,0.01253,19
11.69125,0.04598,0.4566,0.4886,0.4507,0.00781,19
11.70286,0.04632,0.4538,0.4855,0.4540,0.00690,19
11.71447,0.04612,0.4336,0.4790,0.4558,0.00445,19
11.72608,0.04643,0.4141,0.4789,0.4549,0.00524,20
11.73769,0.04684,0.3997,0.4788,0.4554,0.00541,19
11.7493,0.04733,0.4028,0.4872,0.4546,0.01159,19
11.76091,0.04741,0.4304,0.4917,0.4528,0.01153,20
11.77252,0.04689,0.4615,0.4816,0.4491,0.01007,20
11.78413,0.04711,0.4633,0.4849,0.4487,0.00903,20
11.79574,0.04727,0.4517,0.4859,0.4529,0.00710,19
11.80735,0.04766,0.4338,0.4896,0.4578,0.00856,19
11.81896,0.04782,0.3940,0.4912,0.4629,0.00694,20
11.83057,0.04804,0.3460,0.4868,0.4678,0.00460,20
11.84218,0.04756,0.3580,0.4851,0.4668,0.00602,20
11.85379,0.04848,0.4005,0.4779,0.4607,0.01227,19
11.8654,0.04833,0.4353,0.4877,0.4630,0.01554,19
11.87701,0.04912,0.4501,0.4899,0.4632,0.00883,19
11.88862,0.04856,0.4501,0.4909,0.4606,0.00652,20
11.90023,0.04949,0.4340,0.5002,0.4595,0.00839,20
11.91184,0.04908,0.4580,0.5042,0.4684,0.01275,19
11.92345,0.04965,0.4782,0.5021,0.4735,0.01033,19
11.93506,0.04895,0.4869,0.5042,0.4738,0.00642,19
11.94667,0.04935,0.4635,0.5020,0.4709,0.00437,19
11.95828,0.09086,0.4304,0.5064,0.4689,0.00544,19
11.96989,0.10778,0.7045,0.5700,0.4703,0.07809,9
11.9815,0.12765,0.8031,0.6209,0.4807,0.04256,9
11.99311,0.13701,0.8395,0.6500,0.5000,0.02651,9
12.00472,0.14248,0.8690,0.6536,0.5040,0.01106,8
12.01633,0.15735,0.8980,0.6263,0.4915,0.00642,8
12.02794,0.17340,0.8867,0.5677,0.4696,0.00133,0
12.03955,0.18249,0.8310,0.4730,0.4394,0.00026,0
12.05116,0.16882,0.7796,0.4019,0.4052,0.00441,0
12.06277,0.15956,0.7408,0.3602,0.3765,0.00213,0
12.07438,0.14630,0.7129,0.3465,0.3419,0.00121,1
12.08599,0.14199,0.6737,0.3235,0.3110,0.00035,1
12.0976,0.14044,0.5866,0.2873,0.2698,0.00077,0
12.10921,0.12760,0.6162,0.2972,0.2185,0.01616,0
12.12082,0.10883,0.6448,0.2831,0.1489,0.00673,1
12.13243,0.09553,0.6356,0.2764,0.0570,0.00156,1
12.14404,0.09141,0.5952,0.2690,0.0344,0.00044,1
12.15565,0.08936,0.6269,0.2735,0.0335,0.00834,1
12.16726,0.08529,0.6436,0.2757,0.0326,0.00530,1
12.17887,0.07691,0.6409,0.2760,0.0317,0.00179,1
12.19048,0.06867,0.6288,0.2749,0.0309,0.00125,1
12.20209,0.06018,0.6060,0.3251,0.0345,0.02028,1
12.2137,0.06920,0.6040,0.4252,0.2203,0.12539,1
12.22531,0.07452,0.7281,0.4859,0.3674,0.11376,1
12.23692,0.08287,0.7907,0.5275,0.4423,0.06121,4
12.24853,0.08860,0.8200,0.5445,0.4811,0.02980,7
12.26014,0.09214,0.8216,0.5393,0.4927,0.00856,8
12.27175,0.09590,0.8013,0.5127,0.4832,0.00062,8
12.28336,0.09880,0.7825,0.4593,0.4538,0.00023,8
12.29497,0.10091,0.7589,0.4429,0.4182,0.00129,8
12.30658,0.09242,0.7269,0.4444,0.3857,0.00206,8
12.31819,0.08540,0.6983,0.4186,0.3569,0.00086,8
12.3298,0.07720,0.6663,0.3796,0.3271,0.00128,8
12.34141,0.07095,0.6279,0.3447,0.2876,0.00064,8
12.35302,0.06762,0.6221,0.3304,0.2457,0.00098,8
12.36463,0.06277,0.6114,0.3101,0.1855,0.00040,8
12.37624,0.05878,0.6034,0.2910,0.1021,0.00062,8
12.38785,0.05495,0.5956,0.2979,0.0286,0.00325,8
12.39946,0.05160,0.5878,0.2867,0.0268,0.00027,8
12.41107,0.04966,0.5800,0.2936,0.0261,0.00325,8
12.42268,0.04693,0.5699,0.2922,0.0254,0.00028,8
12.43429,0.04411,0.5602,0.2847,0.0246,0.00069,8
12.4459,0.04243,0.5522,0.2922,0.0240,0.00261,8
12.45751,0.09573,0.5673,0.3760,0.0961,0.06633,8
12.46912,0.14345,0.7334,0.5525,0.3608,0.21608,8
12.48073,0.17570,0.8280,0.6281,0.4766,0.09831,8
12.49234,0.19156,0.8729,0.6683,0.5355,0.04983,6
12.50395,0.20371,0.9151,0.6814,0.5637,0.02596,6
12.51556,0.21482,0.9399,0.6654,0.5667,0.00946,6
12.52717,0.22398,0.9321,0.6308,0.5532,0.00244,6
12.53878,0.22830,0.8828,0.5779,0.5322,0.00049,1
12.55039,0.21790,0.8379,0.5509,0.5053,0.00371,0
12.562,0.19263,0.8167,0.5354,0.4860,0.00142,0
12.57361,0.16847,0.7886,0.5134,0.4657,0.00242,0
12.58522,0.15331,0.8049,0.4947,0.4434,0.00471,0
12.59683,0.13913,0.7962,0.4802,0.4219,0.00230,0
12.60844,0.12472,0.7869,0.4472,0.3991,0.00058,1
12.62005,0.10913,0.7882,0.4365,0.3686,0.00291,1
12.63166,0.10246,0.7721,0.4322,0.3463,0.00223,1
12.64327,0.08973,0.7738,0.4227,0.3236,0.00329,1
12.65488,0.08399,0.7734,0.4138,0.2990,0.00230,1
12.66649,0.07679,0.7521,0.4036,0.2762,0.00156,1
12.6781,0.06959,0.7559,0.3840,0.2571,0.00324,1
12.68971,0.06717,0.7422,0.3663,0.2348,0.00173,1
12.70132,0.05967,0.7388,0.3531,0.2046,0.00183,1
12.71293,0.07477,0.7399,0.4143,0.2128,0.03144,1
12.72454,0.08471,0.7335,0.4607,0.3605,0.08630,1
12.73615,0.09302,0.7727,0.4982,0.4412,0.05809,1
12.74776,0.09850,0.8086,0.5074,0.4809,0.02921,1
12.75937,0.09977,0.8130,0.4985,0.4925,0.00834,1
12.77098,0.10297,0.7930,0.4746,0.4826,0.00068,1
12.78259,0.10503,0.7406,0.4325,0.4520,0.00005,4
12.7942,0.10682,0.7096,0.4397,0.4147,0.00431,4
12.8058,0.09731,0.7092,0.4407,0.3833,0.00211,4
12.81741,0.08721,0.6931,0.4236,0.3519,0.00055,4
12.82902,0.07774,0.6712,0.3814,0.3217,0.00070,4
12.84063,0.07111,0.6291,0.3332,0.2879,0.00051,4
12.85224,0.06735,0.6166,0.3023,0.2467,0.00018,4
12.86385,0.06346,0.6068,0.2706,0.1866,0.00051,4
12.87546,0.05804,0.5974,0.2617,0.0997,0.00147,4
12.88707,0.05532,0.5889,0.2546,0.0226,0.00023,4
12.89868,0.05280,0.5796,0.2582,0.0205,0.00193,4
12.91029,0.04975,0.5744,0.2602,0.0199,0.00220,4
12.9219,0.04680,0.5657,0.2676,0.0193,0.00282,4
12.93351,0.04493,0.5564,0.2650,0.0187,0.00069,4
12.94512,0.04233,0.5499,0.2683,0.0181,0.00165,4
12.95673,0.08059,0.5750,0.3691,0.0642,0.06357,4
12.96834,0.10264,0.7199,0.5228,0.2982,0.19013,4
12.97995,0.12117,0.7763,0.5963,0.4114,0.09086,9
12.99156,0.13258,0.8214,0.6303,0.4689,0.04754,8
13.00317,0.14023,0.8653,0.6362,0.4943,0.02275,8
13.01478,0.15550,0.8969,0.6190,0.4944,0.00911,8
13.02639,0.17202,0.8906,0.5744,0.4743,0.00179,0
13.038,0.18151,0.8432,0.4869,0.4405,0.00000,0
13.04961,0.17147,0.7852,0.4094,0.4030,0.00157,0
13.06122,0.16012,0.7436,0.3730,0.3739,0.00256,0
13.07283,0.14868,0.7177,0.3578,0.3446,0.00056,1
13.08444,0.14266,0.6825,0.3440,0.3091,0.00052,1
13.09605,0.14019,0.6091,0.3140,0.2713,0.00058,0
13.10766,0.12788,0.6032,0.2882,0.2252,0.00438,0
13.11927,0.10899,0.6437,0.2780,0.1576,0.01137,1
13.13088,0.09568,0.6365,0.2645,0.0635,0.00181,1
13.14249,0.09117,0.6010,0.2705,0.0273,0.00285,1
13.1541,0.08955,0.6243,0.2733,0.0266,0.00652,1
13.16571,0.08612,0.6433,0.2792,0.0258,0.00668,1
13.17732,0.07840,0.6443,0.2809,0.0251,0.00302,1
13.18893,0.06927,0.6334,0.2819,0.0244,0.00124,1
13.20054,0.06015,0.6075,0.3121,0.0260,0.01174,1
13.21215,0.06721,0.6056,0.4132,0.1851,0.11351,1
13.22376,0.07281,0.7165,0.4798,0.3593,0.12546,1
13.23537,0.08178,0.7838,0.5118,0.4406,0.06235,4
13.24698,0.08761,0.8187,0.5341,0.4829,0.03408,6
13.25859,0.09153,0.8228,0.5304,0.4971,0.00949,8
13.2702,0.09590,0.8044,0.5038,0.4865,0.00072,8
13.28181,0.09864,0.7849,0.4577,0.4587,0.00017,8
13.29342,0.10112,0.7638,0.4504,0.4262,0.00287,8
13.30503,0.09351,0.7255,0.4447,0.3920,0.00084,8
13.31664,0.08758,0.7015,0.4308,0.3600,0.00229,8
13.32825,0.07815,0.6701,0.3873,0.3281,0.00066,8
13.33986,0.07229,0.6294,0.3486,0.2936,0.00101,8
13.35147,0.06819,0.6230,0.3365,0.2564,0.00352,8
13.36308,0.06326,0.6153,0.3067,0.2013,0.00088,8
13.37469,0.05876,0.6063,0.2987,0.1237,0.00361,8
13.3863,0.05523,0.5960,0.2958,0.0410,0.00053,8
13.39791,0.05192,0.5877,0.2909,0.0341,0.00077,8
13.40952,0.04985,0.5792,0.2943,0.0332,0.00192,8
13.42113,0.04628,0.5712,0.2831,0.0323,0.00083,8
13.43274,0.04497,0.5615,0.2915,0.0314,0.00311,8
13.44435,0.04237,0.5519,0.2889,0.0305,0.00026,8
13.45596,0.08216,0.5662,0.3640,0.0648,0.04651,8
13.46757,0.13656,0.7173,0.5385,0.3451,0.21979,8
13.47918,0.16908,0.8167,0.6263,0.4687,0.10677,6
13.49079,0.19025,0.8689,0.6648,0.5303,0.05205,8
13.5024,0.20190,0.9089,0.6741,0.5580,0.02424,6
13.51401,0.21413,0.9383,0.6682,0.5648,0.01197,6
13.52562,0.22340,0.9340,0.6457,0.5547,0.00325,6
13.53723,0.22794,0.8868,0.6047,0.5350,0.00050,1
13.54884,0.22251,0.8453,0.5538,0.5117,0.00111,0
13.56045,0.19729,0.8222,0.5300,0.4915,0.00133,0
13.57206,0.17406,0.8054,0.5200,0.4703,0.00205,0
13.58367,0.15464,0.8075,0.5095,0.4457,0.00231,0
13.59528,0.14073,0.7990,0.4934,0.4217,0.00126,0
13.60689,0.12597,0.7835,0.4767,0.3935,0.00138,1
13.6185,0.10955,0.7908,0.4668,0.3684,0.00362,1
13.63011,0.10280,0.7807,0.4461,0.3465,0.00130,1
13.64172,0.09109,0.7705,0.4257,0.3311,0.00084,1
13.65333,0.08441,0.7735,0.4142,0.3096,0.00282,1
13.66494,0.07822,0.7507,0.4172,0.2862,0.00361,1
13.67655,0.07010,0.7576,0.3803,0.2646,0.00352,1
13.68816,0.06790,0.7454,0.3953,0.2428,0.00839,1
13.69977,0.06023,0.7378,0.3647,0.2113,0.00039,1
13.71138,0.07484,0.7409,0.4183,0.2026,0.02443,1
13.72299,0.08436,0.7306,0.4690,0.3465,0.08650,1
13.7346,0.09173,0.7640,0.5114,0.4325,0.06164,1
13.74621,0.09847,0.8054,0.5218,0.4779,0.03342,1
13.75782,0.09923,0.8147,0.5125,0.4930,0.01048,1
13.76943,0.10261,0.7972,0.4905,0.4862,0.00120,1
13.78104,0.10432,0.7493,0.4375,0.4640,0.00013,4
13.79265,0.10692,0.7065,0.4495,0.4289,0.00599,4
13.80426,0.09732,0.7107,0.4452,0.3983,0.00292,4
13.81587,0.08791,0.6966,0.4306,0.3624,0.00109,4
13.82748,0.07966,0.6747,0.3837,0.3323,0.00037,4
13.83909,0.07180,0.6336,0.3322,0.2997,0.00062,4
13.8507,0.06812,0.6166,0.2948,0.2589,0.00012,4
13.86231,0.06444,0.6077,0.2843,0.2069,0.00131,4
13.87392,0.05983,0.6001,0.2764,0.1288,0.00305,4
13.88553,0.05514,0.5908,0.2681,0.0427,0.00060,4
13.89714,0.05269,0.5839,0.2682,0.0342,0.00105,4
13.90875,0.04998,0.5770,0.2719,0.0332,0.00150,4
13.92036,0.04697,0.5690,0.2683,0.0323,0.00087,4
13.93197,0.04411,0.5588,0.2690,0.0315,0.00089,4
13.94358,0.04343,0.5479,0.2629,0.0305,0.00087,4
13.95519,0.05943,0.5740,0.3557,0.0503,0.04866,4
13.9668,0.10257,0.7052,0.5120,0.2640,0.17889,4
13.97841,0.11940,0.7635,0.5988,0.3840,0.09969,6
13.99002,0.13274,0.8187,0.6421,0.4474,0.05494,8
14.00163,0.14022,0.8574,0.6541,0.4780,0.02583,8
14.01324,0.15504,0.8944,0.6351,0.4865,0.01172,8
14.02485,0.17077,0.8927,0.5891,0.4735,0.00214,0
14.03646,0.18146,0.8534,0.5047,0.4461,0.00014,0
14.04807,0.17976,0.7885,0.4004,0.4103,0.00017,0
14.05968,0.16038,0.7488,0.3672,0.3777,0.00586,0
14.07129,0.14971,0.7202,0.3506,0.3468,0.00085,1
14.0829,0.14235,0.6886,0.3257,0.3208,0.00114,1
14.09451,0.13992,0.6203,0.3032,0.2839,0.00085,0
14.10612,0.12887,0.5889,0.2905,0.2369,0.00339,0
14.11773,0.11137,0.6445,0.2816,0.1742,0.01347,1
14.12934,0.09637,0.6414,0.2644,0.0860,0.00159,1
14.14095,0.09097,0.6075,0.2562,0.0347,0.00146,1
14.15256,0.09012,0.6159,0.2634,0.0337,0.00445,1
14.16417,0.08719,0.6402,0.2701,0.0328,0.00805,1
14.17578,0.08025,0.6447,0.2749,0.0319,0.00465,1
14.18739,0.07012,0.6340,0.2740,0.0310,0.00086,1
14.199,0.06048,0.6109,0.2910,0.0309,0.00607,1
14.21061,0.06420,0.6114,0.3987,0.1492,0.09735,1
14.22222,0.07081,0.7039,0.4689,0.3328,0.12835,1
14.23383,0.08086,0.7778,0.5067,0.4250,0.07098,4
14.24544,0.08637,0.8149,0.5339,0.4719,0.03851,6
14.25705,0.09090,0.8236,0.5332,0.4909,0.01270,8
14.26866,0.09469,0.8079,0.5107,0.4864,0.00177,8
14.28027,0.09826,0.7870,0.4654,0.4622,0.00044,8
14.29188,0.10048,0.7680,0.4444,0.4291,0.00213,8
14.30349,0.09489,0.7237,0.4443,0.3946,0.00306,8
14.3151,0.08827,0.7057,0.4313,0.3629,0.00186,8
14.32671,0.07898,0.6760,0.3945,0.3361,0.00036,8
14.33832,0.07267,0.6332,0.3548,0.2995,0.00106,8
14.34993,0.06828,0.6234,0.3356,0.2537,0.00121,8
14.36154,0.06291,0.6151,0.3122,0.1943,0.00092,8
14.37315,0.05944,0.6068,0.3031,0.1189,0.00202,8
14.38476,0.05479,0.5987,0.2892,0.0364,0.00025,8
14.39637,0.05298,0.5871,0.2938,0.0270,0.00260,8
14.40798,0.04969,0.5793,0.2933,0.0263,0.00081,8
14.41959,0.04777,0.5712,0.2872,0.0255,0.00066,8
14.4312,0.04494,0.5635,0.2934,0.0248,0.00284,8
14.44281,0.04328,0.5562,0.2799,0.0241,0.00045,8
14.45442,0.04827,0.5644,0.3463,0.0443,0.03584,8
14.46603,0.13029,0.7011,0.5221,0.3245,0.21792,8
14.47764,0.16904,0.8068,0.6288,0.4585,0.11931,6
14.48925,0.19042,0.8643,0.6797,0.5254,0.05965,8
14.50086,0.20260,0.9031,0.6966,0.5568,0.02779,6
14.51247,0.21434,0.9362,0.6845,0.5637,0.01146,6
14.52408,0.22181,0.9367,0.6491,0.5560,0.00327,6
14.53569,0.22746,0.8972,0.6063,0.5380,0.00153,1
14.5473,0.23014,0.8499,0.5508,0.5151,0.00087,0
14.55891,0.20129,0.8203,0.5286,0.4919,0.00027,0
14.57052,0.17202,0.8041,0.5044,0.4670,0.00094,0
14.58213,0.15433,0.8041,0.5008,0.4428,0.00388,0
14.59374,0.13900,0.8015,0.4905,0.4179,0.00134,0
14.60535,0.12554,0.7796,0.4654,0.3971,0.00092,1
14.61696,0.11281,0.7917,0.4483,0.3677,0.00366,1
14.62857,0.10405,0.7795,0.4369,0.3415,0.00093,1
14.64018,0.09694,0.7709,0.4326,0.3198,0.00260,1
14.65179,0.08478,0.7736,0.4192,0.3022,0.00369,1
14.6634,0.08253,0.7537,0.4036,0.2858,0.00214,1
14.67501,0.07019,0.7566,0.3876,0.2678,0.00424,1
14.68662,0.06937,0.7487,0.3757,0.2440,0.00223,1
14.69823,0.05944,0.7368,0.3576,0.2132,0.00231,1
14.70984,0.07204,0.7422,0.3986,0.1830,0.01746,1
14.72145,0.08253,0.7271,0.4539,0.3232,0.08581,1
14.73306,0.08974,0.7528,0.4905,0.4207,0.06380,1
14.74467,0.09515,0.8027,0.5006,0.4706,0.03747,1
14.75628,0.09882,0.8147,0.5000,0.4874,0.01376,1
14.76789,0.10133,0.8014,0.4756,0.4835,0.00193,1
14.7795,0.10359,0.7581,0.4440,0.4598,0.00118,4
14.79111,0.10590,0.7076,0.4360,0.4276,0.00365,4
14.80272,0.09885,0.7125,0.4485,0.3938,0.00793,4
14.81433,0.08775,0.6989,0.4332,0.3653,0.00039,4
14.82594,0.08074,0.6772,0.3911,0.3340,0.00030,4
14.83755,0.07455,0.6401,0.3312,0.3004,0.00033,4
14.84916,0.06832,0.6187,0.2988,0.2554,0.00019,4
14.86077,0.06385,0.6107,0.2868,0.1978,0.00140,4
14.87238,0.06008,0.6034,0.2719,0.1233,0.00026,4
14.88399,0.05568,0.5944,0.2731,0.0355,0.00093,4
14.8956,0.05275,0.5859,0.2706,0.0206,0.00014,4
14.90721,0.05036,0.5748,0.2644,0.0200,0.00061,4
14.91882,0.04700,0.5676,0.2658,0.0194,0.00080,4
14.93043,0.04476,0.5579,0.2579,0.0189,0.00030,4
14.94204,0.04330,0.5460,0.2562,0.0183,0.00061,4
14.95365,0.04173,0.5627,0.3437,0.0335,0.04245,4
14.96526,0.09981,0.6888,0.4865,0.2395,0.16984,4
14.97687,0.11840,0.7526,0.5816,0.3826,0.11535,6
14.98848,0.13183,0.8157,0.6294,0.4540,0.06175,9
15.00009,0.14015,0.8473,0.6453,0.4868,0.02677,8
15.0117,0.15239,0.8926,0.6306,0.4928,0.01247,8
15.02331,0.16892,0.8961,0.5884,0.4768,0.00258,0
15.03492,0.17987,0.8621,0.5090,0.4466,0.00000,0
15.04653,0.18466,0.7928,0.4296,0.4102,0.00052,0
15.05814,0.16154,0.7533,0.3804,0.3783,0.00469,0
15.06975,0.15010,0.7228,0.3412,0.3468,0.00097,1
15.08136,0.14109,0.6923,0.3247,0.3152,0.00160,1
15.09297,0.13885,0.6311,0.3009,0.2846,0.00071,0
15.10458,0.13067,0.5803,0.2985,0.2409,0.00633,0
15.11619,0.11412,0.6438,0.2856,0.1789,0.01352,1
15.1278,0.09853,0.6459,0.2808,0.0931,0.00307,1
15.13941,0.09220,0.6179,0.2715,0.0276,0.00111,1
15.15102,0.09081,0.6084,0.2673,0.0267,0.00027,1
15.16263,0.08839,0.6368,0.2622,0.0260,0.00688,1
15.17424,0.08310,0.6429,0.2692,0.0252,0.00541,1
15.18585,0.07316,0.6357,0.2682,0.0245,0.00173,1
15.19746,0.06248,0.6165,0.2614,0.0236,0.00043,1
15.20907,0.06396,0.6161,0.3876,0.1139,0.09044,1
15.22068,0.07114,0.6892,0.4659,0.3233,0.13955,1
15.23229,0.08057,0.7706,0.5030,0.4220,0.07467,4
15.2439,0.08650,0.8115,0.5232,0.4729,0.03899,6
15.25551,0.09066,0.8239,0.5235,0.4927,0.01333,8
15.26712,0.09412,0.8111,0.5045,0.4905,0.00167,8
15.27873,0.09778,0.7891,0.4649,0.4669,0.00000,8
15.29034,0.09992,0.7706,0.4435,0.4322,0.00266,8
15.30195,0.09481,0.7251,0.4392,0.3989,0.00184,8
15.31356,0.08838,0.7108,0.4250,0.3666,0.00341,8
15.32517,0.07900,0.6801,0.3982,0.3390,0.00076,8
15.33678,0.07311,0.6400,0.3449,0.3047,0.00054,8
15.34839,0.06822,0.6251,0.3231,0.2703,0.00135,8
15.36,0.06490,0.6146,0.3229,0.2226,0.00319,8
15.37161,0.05986,0.6066,0.3039,0.1482,0.00020,8
15.38322,0.05699,0.5986,0.2915,0.0532,0.00053,8
15.39483,0.05363,0.5910,0.2983,0.0343,0.00302,8
15.40644,0.05061,0.5821,0.2845,0.0334,0.00084,8
15.41805,0.04728,0.5724,0.2941,0.0325,0.00425,8
15.42966,0.04545,0.5643,0.2888,0.0316,0.00075,8
15.44127,0.04320,0.5564,0.2871,0.0308,0.00100,8
15.45288,0.04184,0.5609,0.3319,0.0405,0.02373,8
15.46449,0.12285,0.6796,0.5019,0.2768,0.19165,8
15.4761,0.16767,0.7947,0.6078,0.4341,0.13178,6
15.48771,0.18969,0.8598,0.6558,0.5137,0.06611,8
15.49932,0.20186,0.8984,0.6814,0.5522,0.03407,6
15.51093,0.21448,0.9345,0.6786,0.5675,0.01584,6
15.52254,0.21938,0.9391,0.6585,0.5626,0.00470,6
15.53415,0.22756,0.9047,0.6224,0.5456,0.00122,1
15.54576,0.23015,0.8631,0.5756,0.5219,0.00107,0
15.55737,0.20602,0.8241,0.5434,0.4990,0.00146,0
15.56898,0.17277,0.8114,0.5147,0.4732,0.00089,0
15.58059,0.15521,0.7995,0.5145,0.4436,0.00394,0
15.5922,0.14005,0.8032,0.4979,0.4163,0.00241,0
15.60381,0.12503,0.7827,0.4955,0.3926,0.00390,1
15.61542,0.11821,0.7873,0.4730,0.3691,0.00324,1
15.62703,0.10391,0.7841,0.4495,0.3479,0.00209,1
15.63864,0.10071,0.7632,0.4402,0.3274,0.00207,1
15.65025,0.08558,0.7753,0.4254,0.3061,0.00518,1
15.66186,0.08492,0.7565,0.4158,0.2877,0.00153,1
15.67347,0.07167,0.7603,0.3959,0.2676,0.00215,1
15.68508,0.06995,0.7509,0.3724,0.2472,0.00221,1
15.69669,0.06217,0.7356,0.3765,0.2149,0.00581,1
15.7083,0.06699,0.7413,0.3980,0.1769,0.01151,1
15.71991,0.08374,0.7273,0.4573,0.3180,0.08743,1
15.73152,0.09225,0.7383,0.5075,0.4219,0.07055,1
15.74313,0.09918,0.7992,0.5260,0.4774,0.04407,1
15.75474,0.10401,0.8143,0.5251,0.5039,0.01754,1
15.76635,0.10803,0.8044,0.5140,0.5107,0.00698,1
15.77796,0.11129,0.7659,0.4673,0.5094,0.00197,4
15.78957,0.11355,0.7097,0.4589,0.4968,0.00376,4
15.80118,0.11087,0.7136,0.4576,0.4826,0.00512,4
15.81279,0.09892,0.6990,0.4494,0.4735,0.00178,4
15.8244,0.08952,0.6787,0.4288,0.4606,0.00110,4
15.83601,0.08591,0.6247,0.4349,0.4516,0.00513,4
15.84762,0.08644,0.6924,0.5413,0.4421,0.05087,4
15.85923,0.09052,0.7226,0.5946,0.4362,0.02664,4
15.87084,0.09210,0.7261,0.6250,0.4313,0.01337,4
15.88245,0.09317,0.7150,0.6384,0.4183,0.00585,17
15.89406,0.09229,0.7052,0.6328,0.4018,0.00577,17
15.90567,0.09475,0.7183,0.5950,0.3852,0.00619,15
15.91728,0.09366,0.7441,0.5231,0.3762,0.00823,13
15.92889,0.09145,0.7635,0.4921,0.3685,0.00504,12
15.9405,0.08309,0.7797,0.4655,0.3586,0.00466,11
15.95211,0.07126,0.7717,0.4481,0.3488,0.00631,9